"Username","Class","TPE","Created","Team","First Name","Last Name","Name","Discord","Birthplace","Height","Weight","Preferred Foot","Position","Preferred Position","Striker","Attacking Midfielder [L]","Attacking Midfielder [C]","Attacking Midfielder [R]","Midfielder [L]","Midfielder [C]","Midfielder [R]","Wingback [L]","Defensive Midfielder [C]","Wingback [R]","Defense [L]","Defense [C]","Defense [R]","Goalkeeper","Hair Color","Hair Length","Skin Tone","TPE Available","Acceleration","Agility","Balance","Jumping Reach","Natural Fitness","Pace","Stamina","Strength","Corners","Crossing","Dribbling","Finishing","First Touch","Free Kick","Heading","Long Shots","Long Throws","Marking","Passing","Penalty Taking","Tackling","Technique","Aggression","Anticipation","Bravery","Composure","Concentration","Decisions","Determination","Flair","Leadership","Off the Ball","Positioning","Teamwork","Vision","Work Rate","Aerial Reach","Command of Area","Communication","Eccentricity","Handling","Kicking","One on Ones","Tendency to Punch","Reflexes","Tendency to Rush","Throwing","All Traits","Minimum Wage","lastPost","Active"
"Will3","S1",562,2021-11-11,"AS Paris","Radek","Soboda","Radek Soboda","Will3","Czech Republic","78","245","Right","Goalkeeper","Goalkeeper",NA,NA,NA,NA,NA,NA,NA,NA,NA,NA,NA,NA,NA,20,"Light Brown","Long","2",90,5,5,10,10,20,5,20,5,NA,NA,NA,NA,5,5,NA,NA,NA,NA,5,5,NA,5,5,10,5,5,5,10,5,5,5,5,10,10,10,5,10,20,5,5,20,10,5,5,10,5,5,"",2e+06,2022-05-27,"IA"
"gsk94180","S1",402,2021-11-11,"FA","Christian","Silver","Christian Silver","GSK80#8160","England","72","175","Right","Midfielder","Midfielder [C]",0,0,0,0,0,20,15,0,15,0,0,0,0,NA,"Blonde","Short","6",0,12,12,5,5,20,12,20,5,5,5,5,5,5,5,5,12,5,5,15,5,15,5,5,8,5,5,5,5,5,5,5,12,5,15,13,14,NA,NA,NA,NA,NA,NA,NA,NA,NA,NA,NA,"Tries Long Range Passes \ Dives Into Tackles",1500000,2021-12-03,"IA"
"lukechezzwoo","S1",402,2021-11-11,"FA","Ruedi","Wailis","Ruedi Wailis","lukesidaway#0297","Switzerland","74","190","Right","Midfielder","Attacking Midfielder [C]",0,0,20,0,0,15,0,0,0,0,0,15,0,NA,"Dark Brown","Short","17",1,5,5,5,5,20,10,20,10,5,5,5,20,7,5,5,17,5,5,5,5,5,5,15,5,5,10,6,5,5,14,5,5,5,5,5,5,NA,NA,NA,NA,NA,NA,NA,NA,NA,NA,NA,"Shoots With Power \ Curls Ball",1500000,2021-11-30,"IA"
"Jiggly_333","S1",550,2021-11-12,"Seoul MFC","Haruka","Mayoi","Haruka Mayoi","Jiggly_333#4849","Japan","74","195","Right","Forward","Striker",20,10,10,10,0,0,0,0,0,0,0,0,0,NA,"Black","Medium","3",0,15,10,10,5,20,20,20,10,5,5,10,15,10,5,10,7,5,5,5,5,5,10,5,10,5,10,10,15,10,5,5,10,5,8,5,10,NA,NA,NA,NA,NA,NA,NA,NA,NA,NA,NA,"Places Shots \ Likes to Try to Beat Offside Trap",2e+06,2022-07-09,"Active"
"Rancidbudgie","S1",408,2021-11-12,"FA","Andreas","Aadnevik","Andreas Aadnevik","Rancidbudgie#5743","Norway","73","185","Right","Forward","Striker",20,10,10,10,0,0,0,0,0,0,0,0,0,NA,"Brown","Short","1",0,14,10,5,5,20,16,20,10,5,5,5,16,5,5,5,5,5,5,5,7,5,5,5,14,5,13,10,10,5,5,5,15,5,8,5,8,NA,NA,NA,NA,NA,NA,NA,NA,NA,NA,NA,"Arrives Late In Opponents' Area \ Likes to Try to Beat Offside Trap",1500000,2021-12-06,"IA"
"monochroma","S1",408,2021-11-12,"FA","Kaspars","Briedis","Kaspars Briedis","monochroma#3427","Latvia","75","205","Right","Forward","Striker",20,10,10,10,0,0,0,0,0,0,0,0,0,NA,"Light Brown","Medium","3",6,10,8,7,9,20,10,20,11,5,8,10,13,7,8,10,8,5,5,10,8,5,12,9,8,10,10,10,9,9,9,6,9,8,9,9,12,NA,NA,NA,NA,NA,NA,NA,NA,NA,NA,NA,"Dictates Tempo \ Places Shots",1500000,2021-12-04,"IA"
"siddhus","S1",515,2021-11-13,"Inter London","George","Gordon","George Gordon","SØMEØNE#7241","USA","76","210","Right","Midfielder","Midfielder [C]",0,0,15,0,0,20,0,0,15,0,0,0,0,NA,"Black","Medium","6",1,12,12,12,12,20,13,20,12,5,9,12,8,10,5,5,10,5,13,14,5,10,10,5,5,7,10,10,10,5,5,5,8,10,10,12,12,NA,NA,NA,NA,NA,NA,NA,NA,NA,NA,NA,"Runs With Ball Through Center \ Dictates Tempo",2e+06,2022-05-09,"IA"
"Canadice","S1",1039,2021-11-13,"Athênai F.C.","Henrik","Lind","Henrik Lind","Canadice#0985","Luleå, Sweden","70","187","Right","Midfielder","Defensive Midfielder",0,0,0,0,0,10,0,0,20,0,0,20,0,NA,"Dark Brown","Medium","3",3,15,10,13,16,20,14,20,16,5,5,5,5,12,5,16,5,5,16,11,5,15,10,10,15,12,13,13,16,13,5,10,10,16,13,13,13,NA,NA,NA,NA,NA,NA,NA,NA,NA,NA,NA,"Stays Back at All Times \ Marks Opponent Tightly",3500000,2022-07-07,"Active"
"AgentSmith","S1",916,2021-11-13,"Hollywood FC","Scott","Sterling","Scott Sterling","AgentSmith#7472","United States","78","205","Right","Goalkeeper","Goalkeeper",NA,NA,NA,NA,NA,NA,NA,NA,NA,NA,NA,NA,NA,20,"Dark Brown","Short","7",2,13,15,7,13,20,5,20,7,NA,NA,NA,NA,10,7,NA,NA,NA,NA,10,8,NA,12,5,14,9,10,10,16,5,5,7,5,13,10,10,7,16,11,11,5,16,10,16,10,20,10,10,"",3e+06,2022-07-06,"Active"
"AW13","S1",966,2021-11-14,"Athênai F.C.","Jannik","Andersen","Jannik Andersen","AW13#6043","Denmark","78","213","Left","Goalkeeper","Goalkeeper",NA,NA,NA,NA,NA,NA,NA,NA,NA,NA,NA,NA,NA,20,"Blonde","Medium","2",0,10,13,10,5,20,10,20,9,NA,NA,NA,NA,11,5,NA,NA,NA,NA,10,5,NA,12,5,13,12,16,7,13,12,5,10,5,13,10,10,5,13,15,13,13,13,13,13,7,20,16,13,"",3500000,2022-07-05,"Active"
"Air Crou","S1",817,2021-11-14,"CA Buenos Aires","Giannis","Kroustis","Giannis Kroustis","Air Crou#8788","Greece","70","175","Left","Defender","Wingback [L]",0,0,0,0,0,0,0,20,0,20,10,0,0,NA,"Dark Brown","Medium","2",1,15,12,12,8,20,15,20,10,10,12,12,7,12,10,5,7,7,12,12,8,12,12,6,10,11,12,10,12,11,12,12,12,13,12,13,15,NA,NA,NA,NA,NA,NA,NA,NA,NA,NA,NA,"Gets Forward Whenever Possible \ Curls Ball",3e+06,2022-06-12,"IA"
"Faelax","S1",729,2021-11-14,"AS Paris","Mikko","Järvälä","Mikko Järvälä","Faelax#2170","Finland","82","180","Right","Defender","Defender [C]",0,0,0,0,0,0,0,0,0,0,15,20,15,NA,"Grey","Medium","4",1,17,11,10,15,20,15,20,13,5,5,5,5,10,5,13,5,5,15,10,5,12,5,9,13,11,12,12,16,11,5,5,5,15,10,6,8,NA,NA,NA,NA,NA,NA,NA,NA,NA,NA,NA,"Plays Short Simple Passes \ Marks Opponent Tightly",2500000,2022-06-19,"IA"
"TheCHEESE","S1",350,2021-11-14,"FA","Cheese","CantKick","Cheese CantKick","TheCHEESE#3637","USA","75","199","Left","Defender","Defense [L]",0,0,0,0,0,0,0,0,0,0,20,15,15,NA,"Black","Long","3",0,10,10,15,10,20,10,20,10,7,5,10,5,6,5,5,5,5,5,15,5,15,15,5,5,5,5,5,5,5,5,5,5,5,10,5,5,NA,NA,NA,NA,NA,NA,NA,NA,NA,NA,NA,"Looks For Pass Rather Than Attempting to Score \ Marks Opponent Tightly",1e+06,2021-11-29,"IA"
"Pingu","S1",448,2021-11-14,"Retired","Pingu","Nootazuki","Pingu Nootazuki","Pingu#6861","Japan","81","210","Right","Goalkeeper","Goalkeeper",NA,NA,NA,NA,NA,NA,NA,NA,NA,NA,NA,NA,NA,20,"Black","Short","1",2,7,12,5,5,20,5,20,5,NA,NA,NA,NA,7,5,NA,NA,NA,NA,7,5,NA,5,5,12,5,12,12,8,10,5,10,5,12,10,7,10,10,14,8,7,7,13,13,5,13,13,7,"",1500000,2021-12-29,"IA"
"3lewsers","S1",1048,2021-11-15,"Hollywood FC","Tiki","Taka","Tiki Taka","TheZodiac#8707","Poland","73","179","Left","Forward","Striker",20,20,10,0,0,0,0,0,0,0,0,0,0,NA,"Light Brown","Short","5",3,20,13,11,7,20,18,20,16,5,7,14,19,14,5,14,6,5,5,12,5,5,14,5,15,5,13,11,15,10,5,5,16,5,7,8,13,NA,NA,NA,NA,NA,NA,NA,NA,NA,NA,NA,"Places Shots \ Likes to Try to Beat Offside Trap \ Tries First Time Shots \ Move Into Channels \ Knocks ball past opponent",3500000,2022-07-11,"Active"
"Henrik","S1",756,2021-11-15,"CA Buenos Aires","Patrik","Björkås","Patrik Björkås","Henrik#4390","Sweden","74","183","Right","Midfielder","Midfielder [C]",0,0,15,0,0,20,0,0,15,0,0,0,0,NA,"Light Brown","Short","6",0,14,9,13,9,20,14,20,13,5,5,10,10,13,5,5,10,5,13,14,5,14,15,10,13,5,10,10,13,7,12,5,13,11,13,13,13,NA,NA,NA,NA,NA,NA,NA,NA,NA,NA,NA,"Arrives Late In Opponents' Area \ Comes Deep To Get Ball \ Dictates Tempo",2500000,2022-07-10,"Active"
"rory","S1",566,2021-11-15,"Adowa Accra FC","Timo","Reinmann","Timo Reinmann","rory#1453","Switzerland","80","190","Right","Defender","Defense [R]",0,0,0,0,0,0,0,0,0,15,15,0,20,NA,"Dark Brown","Medium","Skin Tone 5",8,15,10,10,10,20,17,20,9,5,12,12,5,11,5,9,5,5,10,11,5,10,11,10,10,8,9,10,9,8,7,5,10,10,9,11,12,NA,NA,NA,NA,NA,NA,NA,NA,NA,NA,NA,"Runs With Ball Down Right (Movement - On the Ball) \ Curls Ball (Technique) \ Gets Forward Whenever Possible (Movement - Off the Ball)",2e+06,2022-05-22,"IA"
"FunisSomething","S1",528,2021-11-15,"Retired","Arcueid","Brunestud","Arcueid Brunestud","Fun Is ∞#9849","Japan","78","165","Right","Goalkeeper","Goalkeeper",NA,NA,NA,NA,NA,NA,NA,NA,NA,NA,NA,NA,NA,20,"Blonde","Long","1",18,5,11,9,13,20,5,20,5,NA,NA,NA,NA,5,5,NA,NA,NA,NA,5,5,NA,5,5,16,10,10,10,12,8,5,5,5,14,5,5,5,10,5,5,5,10,10,17,5,18,5,5,"",2e+06,2022-03-11,"IA"
"Graydonsanatomy","S1",918,2021-11-16,"Tokyo S.C.","Mike","Rup","Mike Rup","Graydonsanatomy","Brooklyn, US","77","223","Right","Defender","Defense [C]",0,0,0,0,0,0,0,0,0,0,15,20,15,NA,"Black","Short","11",4,16,13,13,15,20,15,20,16,5,8,10,7,10,5,16,5,5,15,12,5,15,7,7,13,11,10,12,15,11,5,9,8,15,12,11,10,NA,NA,NA,NA,NA,NA,NA,NA,NA,NA,NA,"Marks Opponent Tightly \ Arrives Late In Opponents' Area",3e+06,2022-07-02,"Active"
"Shay","S1",396,2021-11-16,"FA","Seb","Henry","Seb Henry","aslon","New Zealand","76","215","Right","Goalkeeper","Goalkeeper",NA,NA,NA,NA,NA,NA,NA,NA,NA,NA,NA,NA,NA,20,"Light Brown","Short","4",1,5,5,5,15,20,5,20,5,NA,NA,NA,NA,5,5,NA,NA,NA,NA,5,5,NA,5,5,5,5,5,5,5,5,5,5,5,10,5,10,5,14,14,5,5,5,5,20,5,15,5,5,"",1500000,2021-11-29,"IA"
"vulfgravy","S1",448,2021-11-16,"Retired","Icarus","Isosceles","Icarus Isosceles","mile114#1245","United States","70","175","Left","Midfielder","Attacking Midfielder [C]",15,15,20,0,0,0,0,0,0,0,0,0,0,NA,"Dark Brown","Long","3",0,11,10,8,6,20,12,20,8,7,10,13,13,10,7,8,10,5,8,13,7,7,10,7,7,7,8,8,9,8,9,8,10,10,10,11,10,NA,NA,NA,NA,NA,NA,NA,NA,NA,NA,NA,"Dictates Tempo \ Plays One-Twos",1500000,2022-07-09,"Active"
"Michiganonymous","S1",368,2021-11-17,"Retired","John","Wellerman","John Wellerman","Michiganonymous#8697","Christchurch, New Zealand","71","180","Right","Midfielder","Defensive Midfielder [C]",0,0,5,0,0,20,0,0,20,0,0,5,0,NA,"Light Brown","Short","5",2,8,10,9,5,20,9,20,12,5,5,7,7,5,5,5,10,5,10,10,5,14,5,12,10,12,10,7,7,10,5,10,5,10,10,5,12,NA,NA,NA,NA,NA,NA,NA,NA,NA,NA,NA,"Plays Short Simple Passes \ Shoots With Power",1500000,2022-01-11,"IA"
"BenjiDune","S1",420,2021-11-18,"Inter London","Benji","Atreides","Benji Atreides","B e n#0838","Maine USA","6'2","170","Right","Midfielder","Attacking Midfielder [R]",0,10,0,20,0,20,0,0,0,0,0,0,0,NA,"Blonde","Long","1",0,13,10,10,5,20,13,20,8,10,10,10,10,10,5,5,10,7,5,10,6,10,10,10,5,10,10,5,13,5,5,10,10,5,10,10,10,NA,NA,NA,NA,NA,NA,NA,NA,NA,NA,NA,"Places Shots (Finishing) \ Cuts Inside (Movement - On the Ball)",1500000,2022-02-16,"IA"
"OrbitingDeath","S1",964,2021-11-18,"Inter London","Kuai","Liang","Kuai Liang","OrbitingDeath#3491","China","72","170","Right","Midfielder","Attacking Midfielder [L]",0,20,10,20,0,0,0,0,0,0,0,0,0,NA,"Black","Long","6",14,15,15,15,5,20,17,20,10,5,11,15,16,14,15,5,15,5,5,15,5,5,14,5,10,5,15,5,12,5,13,5,13,10,8,12,13,NA,NA,NA,NA,NA,NA,NA,NA,NA,NA,NA,"Places Shots \ Cuts Inside",3500000,2022-07-08,"Active"
"Thunder39","S1",955,2021-11-18,"Hollywood FC","Hunter","Jones","Hunter Jones","Thunder39#2411","Canada","74","175","Right","Midfielder","Attacking Midfielder [R]",10,0,0,20,0,0,20,0,0,0,0,0,0,NA,"Light Brown","Long","3",3,17,15,10,10,20,16,20,13,5,13,15,18,15,5,10,8,10,7,13,9,9,10,5,13,5,15,6,13,8,8,8,15,10,8,12,13,NA,NA,NA,NA,NA,NA,NA,NA,NA,NA,NA,"Runs With Ball Often \ Likes to Try to Beat Offside Trap",3500000,2022-07-10,"Active"
"stink bingus","S1",350,2021-11-18,"FA","Breakfast Sandwich","O’Pumpernickel","Breakfast Sandwich O’Pumpernickel","n/a","Laos","70","165","Right","Defender","Wingback [R]",0,0,0,0,0,0,10,10,0,20,0,0,10,NA,"Red","Long","1",0,10,10,10,10,20,10,20,10,5,10,10,5,13,5,5,10,10,10,11,5,13,10,5,5,5,8,8,10,5,5,5,10,10,5,7,5,NA,NA,NA,NA,NA,NA,NA,NA,NA,NA,NA,"Marks Opponent Tightly \ Tries Long Range Passes",1e+06,2021-11-18,"IA"
"captjanko","S1",1029,2021-11-19,"Inter London","K","Clamence","K Clamence","captjanko","United States","73","175","Right","Midfielder","Attacking Midfielder [R]",20,0,0,20,0,0,10,0,0,0,0,0,0,NA,"Black","Medium","6",1,17,16,12,13,20,16,20,13,9,10,14,17,14,5,11,14,5,8,10,10,8,13,10,15,10,15,5,13,11,15,5,13,8,8,10,10,NA,NA,NA,NA,NA,NA,NA,NA,NA,NA,NA,"Shoots From Distance \ Plays One-Twos \ Cuts In From Both Wings \ Shoots with Power",3500000,2022-07-04,"Active"
"Asked Madden","S1",998,2021-11-19,"Athênai F.C.","Deedee","Yoker","Deedee Yoker","Asked Madden #5603","Scotland","69","140","Left","Defender","Wingback [L]",0,0,0,0,10,0,0,20,0,0,20,0,0,NA,"Red","Medium","1",10,18,13,13,5,20,17,20,10,15,15,14,13,13,5,5,7,5,13,13,5,10,14,5,11,8,10,11,14,10,13,5,14,13,13,13,13,NA,NA,NA,NA,NA,NA,NA,NA,NA,NA,NA,"Runs with Ball Often \ Hugs Line \ Curls Ball",3500000,2022-07-09,"Active"
"Gordon Bombay","S1",1029,2021-11-19,"Hollywood FC","Ricky","Bobby","Ricky Bobby","Gordon Bombay#9919","Zambia","82","210","Left","Midfielder","Striker",20,10,20,0,0,0,0,0,0,0,0,0,0,NA,"Black 1","Short","Skin Tone 1",15,17,16,10,17,20,16,20,15,5,5,12,20,15,5,17,5,5,5,10,5,5,15,5,13,5,15,5,15,5,5,5,16,5,5,5,5,NA,NA,NA,NA,NA,NA,NA,NA,NA,NA,NA,"Plays With Back to Goal \ Static Target Man",3500000,2022-07-08,"Active"
"Thunfish","S1",896,2021-11-19,"Tokyo S.C.","Squall","Vercetti","Squall Vercetti","Thun#2436","Canada","76","187","Right","Defender","Defense [C]",0,0,0,0,0,0,0,0,10,0,10,20,10,NA,"Dark Brown","Medium","4",2,16,8,7,16,20,15,20,13,7,7,7,5,12,5,13,5,6,16,13,5,16,12,12,14,12,13,13,16,13,5,5,5,16,7,12,8,NA,NA,NA,NA,NA,NA,NA,NA,NA,NA,NA,"Tries Long Range Passes \ Likes to Switch Ball to Other Flank",3e+06,2022-07-10,"Active"
"r1c3bowl22","S1",1029,2021-11-19,"Cairo City","Franco","Torres","Franco Torres","r1c3bowl22#8261","Madrid, Spain","73","175","Right","Forward","Striker",20,10,5,15,0,0,0,0,0,0,0,0,0,NA,"Dark Brown","Short","10",15,16,10,10,10,20,16,20,10,5,5,13,20,16,5,13,15,5,5,11,7,5,15,5,14,5,15,8,15,10,7,5,18,9,10,10,13,NA,NA,NA,NA,NA,NA,NA,NA,NA,NA,NA,"Places Shots \ Curls Ball \ Moves Into Channels \ Like to Try to Beat the Offside Trap \ Gets Into Opposition Area",3500000,2022-07-11,"Active"
"bluesfan55","S1",576,2021-11-19,"Cairo City","Jakup","Larsen","Jakup Larsen","bluesfan55#6333","Faroe Islands","66","185","Right","Midfielder","Attacking Midfielder [C]",10,10,20,10,0,0,0,0,0,0,0,0,0,NA,"Brown","Short","1",0,12,12,10,8,20,12,20,12,10,11,13,13,12,13,5,13,5,5,12,10,5,10,5,5,5,9,10,6,11,12,5,10,10,10,12,11,NA,NA,NA,NA,NA,NA,NA,NA,NA,NA,NA,"Tries Long Range Free Kicks \ Dictates Tempo",2e+06,2022-05-18,"IA"
"Urq660","S1",918,2021-11-19,"Cairo City","Alessio","Calvatore","Alessio Calvatore","urq660#2041","Italy","70","180","Left","Midfielder","Defensive Midfielder [C]",0,0,0,0,0,20,0,0,20,0,10,0,0,NA,"Dark Brown","Long","3",0,14,10,10,9,20,14,20,12,5,5,13,9,14,15,8,12,5,12,16,5,12,14,5,12,10,12,12,15,12,8,6,12,12,12,15,15,NA,NA,NA,NA,NA,NA,NA,NA,NA,NA,NA,"Dictates Tempo \ Tries Long Range Passes \ Tries Killer Balls Often",3e+06,2022-07-08,"Active"
"zaynzk","S1",614,2021-11-19,"CF Catalunya","Aleksandar","Stojakovic","Aleksandar Stojakovic","Zaynzk","Serbia","77","230","Right","Defender","Defense [C]",0,0,0,0,0,0,0,0,15,0,7,20,8,NA,"Black","Long","20",8,13,6,10,15,20,13,20,14,5,5,5,5,10,5,11,5,5,14,10,5,13,10,10,12,11,10,10,14,5,5,10,5,15,11,10,12,NA,NA,NA,NA,NA,NA,NA,NA,NA,NA,NA,"Dives Into Tackles \ Tries Long Range Passes",2e+06,2022-06-03,"IA"
"SDCore","S1",749,2021-11-19,"CF Catalunya","Awesome","McPossum","Awesome McPossum","maybe","Italy","73","195","Left","Midfielder","Attacking Midfielder [C]",0,10,20,0,0,20,0,0,0,0,0,0,0,NA,"Grey","Long","7",11,15,14,11,5,20,14,20,8,5,7,13,12,13,12,5,12,5,7,15,5,7,13,5,12,5,13,8,13,5,13,5,13,10,11,15,13,NA,NA,NA,NA,NA,NA,NA,NA,NA,NA,NA,"Plays One-Twos \ Places Shots \ Curls Ball",2500000,2022-06-26,"Active"
"Sermokala","S1",904,2021-11-19,"AS Paris","Milan","Horvat","Milan Horvat","Sermokala","Serbia","76","220","Left","Midfielder","Midfielder [C]",0,0,20,0,0,20,0,0,10,0,0,0,0,NA,"Red","Long","8",0,13,13,10,10,20,16,20,16,5,5,9,8,13,5,10,10,5,10,13,5,16,16,13,13,11,12,10,13,10,10,5,13,13,13,10,16,NA,NA,NA,NA,NA,NA,NA,NA,NA,NA,NA,"Plays One-Twos \ Tries Killer Balls Often \ Dives into Tackles",3e+06,2022-07-10,"Active"
"Matty7478","S1",402,2021-11-19,"Sydney City","PenaltyTo","Rangers","PenaltyTo Rangers","Matty#7478","Scotland","83","264","Right","Defender","Defense [C]",0,0,0,0,0,10,0,0,20,0,0,20,0,NA,"Black","Long","1",52,7,6,7,16,20,8,20,15,5,5,5,5,5,5,16,5,5,10,5,5,10,5,10,10,10,5,10,10,5,5,5,5,11,5,5,5,NA,NA,NA,NA,NA,NA,NA,NA,NA,NA,NA,"Dives Into Tackles \ Marks Opponent Tightly",1500000,2022-04-03,"IA"
"ZootTX","S1",994,2021-11-19,"Sydney City","George","Costanza","George Costanza","ZootTX#7741","United States","70","175","Left","Defender","Defense [L]",0,0,0,0,0,0,0,0,0,0,20,15,15,NA,"Dark Brown","Short","8",4,17,13,13,10,20,15,20,13,7,15,12,5,10,5,11,5,7,15,13,7,15,10,12,12,10,12,12,15,10,10,9,12,16,12,13,13,NA,NA,NA,NA,NA,NA,NA,NA,NA,NA,NA,"Marks Opponent Tightly \ Looks For Pass Rather Than Attempting to Score \ Gets Forward Whenever Possible",3500000,2022-07-04,"Active"
"cole6249","S1",432,2021-11-19,"FA","Trevor","Malone","Trevor Malone","ColeCC#6540","USA","76","180","Right","Forward","Striker",20,10,10,10,0,0,0,0,0,0,0,0,0,NA,"Blonde","Long","5",0,12,11,10,10,20,12,20,10,5,5,10,14,10,5,10,10,5,5,10,5,5,11,10,10,10,12,5,12,5,5,5,10,10,5,10,6,NA,NA,NA,NA,NA,NA,NA,NA,NA,NA,NA,"Places Shots \ Likes To Round Keeper",1500000,2021-12-19,"IA"
"Hordle","S1",426,2021-11-19,"FA","Jack","O'Conner","Jack O'Conner","Eldroh#1015","Belfast, Ireland","72","170","Left","Midfielder","Defensive Midfielder",0,0,0,0,0,15,0,0,20,0,0,15,0,NA,"Red","Long","1",0,13,5,5,10,20,13,20,10,5,5,7,5,10,5,5,5,5,13,14,5,13,12,5,10,5,11,7,10,5,5,5,11,11,9,10,13,NA,NA,NA,NA,NA,NA,NA,NA,NA,NA,NA,"Refrains From Taking Long Shots \ Runs With Ball Rarely",1500000,2022-03-20,"IA"
"ConnorM123","S1",422,2021-11-19,"FA","Nevin","Kisbet","Nevin Kisbet","Connor1231#0916","Scotland","72","165","Right","Forward","Attacking Midfielder [C]",0,20,20,10,0,0,0,0,0,0,0,0,0,NA,"Black","Short","2",0,10,5,5,5,20,10,20,5,9,5,13,10,10,16,5,13,5,5,15,16,5,13,5,5,5,10,5,6,5,6,5,5,8,5,10,5,NA,NA,NA,NA,NA,NA,NA,NA,NA,NA,NA,"Tries Killer Balls often \ Hits Free Kicks with power",1500000,2021-12-28,"IA"
"mithrandir","S1",414,2021-11-19,"FA","Elanor","Lorien","Elanor Lorien","mithrandir","USA","64","140","Left","Midfielder","Midfielder [L]",0,10,5,5,20,5,5,0,0,0,0,0,0,NA,"Light Brown","Long","1",4,12,7,7,7,20,13,20,7,7,12,12,7,11,7,7,7,7,7,12,7,7,10,7,12,7,10,7,10,7,5,5,12,7,7,12,13,NA,NA,NA,NA,NA,NA,NA,NA,NA,NA,NA,"Runs With Ball Down Left \ Likes to Try to Beat Offside Trap",1500000,2022-01-24,"IA"
"Briedaqueduc","S1",426,2021-11-19,"FA","Narsko","Koivu","Narsko Koivu","briedaqueduc#1349","Canada","76","200","Right","Midfielder","Midfielder [R]",0,5,0,10,10,5,20,0,0,0,0,0,0,NA,"Blonde","Short","4",2,11,9,8,8,20,12,20,8,5,8,12,7,12,5,7,7,5,7,14,5,7,12,6,7,6,12,8,12,7,7,6,12,7,12,13,7,NA,NA,NA,NA,NA,NA,NA,NA,NA,NA,NA,"Cuts Inside \ Tries Long Range Passes",1500000,2022-05-12,"IA"
"frazzle14","S1",762,2021-11-20,"Inter London","Tony","Yeboah","Tony Yeboah","frazzle14#6040","Kumasi, Ghana","192 cm","93 kg","Right","Goalkeeper","Goalkeeper",NA,NA,NA,NA,NA,NA,NA,NA,NA,NA,NA,NA,NA,20,"Black","Bald","10",16,10,15,8,12,20,8,20,8,NA,NA,NA,NA,10,5,NA,NA,NA,NA,10,5,NA,5,5,13,9,13,12,13,10,5,5,5,12,6,10,7,13,14,13,5,13,13,16,6,17,10,11,"",2500000,2022-05-30,"IA"
"sulovilen","S1",1025,2021-11-20,"Athênai F.C.","Zinedine","Gintonic","Zinedine Gintonic","sulovilen#1223","Netherlands","73","180","Right","Midfielder","Attacking Midfielder [C]",0,10,20,0,0,20,0,0,0,0,0,0,0,NA,"Dark Brown","Medium","5",1,15,13,13,6,20,14,20,12,5,11,14,13,14,14,5,14,5,7,16,5,12,15,7,14,5,14,13,14,13,14,8,13,10,13,14,12,NA,NA,NA,NA,NA,NA,NA,NA,NA,NA,NA,"Tries Killer Balls Often \ Moves Into Channels \ Shoots From Distance \ Curls Ball",3500000,2022-07-09,"Active"
"enigmatic","S1",676,2021-11-20,"Tokyo S.C.","Jonas","Thessenvitz","Jonas Thessenvitz","enigmatic#3472","Switzerland","71","176","Left","Defender","Wingback [L]",0,0,0,0,0,0,0,20,0,20,10,0,0,NA,"Light Brown","Short","2",2,16,13,10,5,20,16,20,8,5,13,13,5,12,6,5,6,5,13,13,6,12,13,5,13,5,10,10,13,5,10,5,13,13,11,7,13,NA,NA,NA,NA,NA,NA,NA,NA,NA,NA,NA,"Plays One-Twos \ Runs With Ball Often",2500000,2022-07-03,"Active"
"G2019","S1",984,2021-11-20,"Cairo City","Connor","Azpilicueta","Connor Azpilicueta","G2019#0639","Westside, Gibraltar","74","180","Left",NA,"Striker",20,0,15,15,0,0,0,0,0,0,0,0,0,NA,"Black","Short","4",0,16,15,13,14,20,17,20,14,5,10,13,16,13,5,16,10,5,7,15,10,7,14,7,10,10,14,7,10,7,13,5,13,10,10,13,13,NA,NA,NA,NA,NA,NA,NA,NA,NA,NA,NA,"Places Shots \ Gets Into Opposition Area \ Knocks Ball Past Opponent \ Attempts Overhead Kicks \ Likes to Try to Beat Offside Trap \ Plays One-Twos \ Shoots from Distance",3500000,2022-07-05,"Active"
"Playoff Lonzo","S1",516,2021-11-20,"FA","Oscar","Fernandes","Oscar Fernandes","Playoff Lonzo#4598","Portugal","70","152","Left","Midfielder","Attacking Midfielder [C]",0,10,20,0,0,20,0,0,0,0,0,0,0,NA,"Black","Short","10",0,9,10,10,5,20,13,20,5,5,11,5,10,11,5,5,12,5,5,13,5,5,13,14,5,13,11,5,5,15,13,7,10,5,5,13,13,NA,NA,NA,NA,NA,NA,NA,NA,NA,NA,NA,"Tries Killer Balls Often \ Shoots From Distance",2e+06,2022-02-20,"IA"
"FriendlyHermit","S1",350,2021-11-20,"FA","Friendly","Hermit","Friendly Hermit","FriendlyHermit#3159","Australia","74","187","Right","Midfielder","Attacking Midfielder [R]",0,20,0,20,0,0,20,0,0,0,0,0,0,NA,"Dark Brown","Short","12",0,10,10,5,5,20,10,20,5,15,15,10,5,5,15,5,5,5,5,15,5,5,5,5,5,5,5,5,7,6,10,5,5,5,5,10,10,NA,NA,NA,NA,NA,NA,NA,NA,NA,NA,NA,"Tries Killer Balls Often \ Tries Long Range Passes",1e+06,2021-12-02,"IA"
"Sopath","S1",672,2021-11-21,"Inter London","Mazrim","Taim","Mazrim Taim","Sopath#3166","United States","71","155","Left","Defender","Wingback [L]",0,0,0,0,0,0,0,20,0,0,20,10,0,NA,"Black","Long","18",0,14,13,11,5,20,15,20,10,10,14,13,5,10,5,5,6,10,13,13,5,13,13,8,13,9,10,9,13,10,10,5,10,9,10,8,13,NA,NA,NA,NA,NA,NA,NA,NA,NA,NA,NA,"Plays One-Twos \ Runs With Ball Down Left",2500000,2022-06-05,"IA"
"fútboliscool","S1",966,2021-11-21,"Cairo City","Ask","Jeeves","Ask Jeeves","DwightKnight#1013","Wales","71","180","Left","Defender","Wingback [L]",0,0,0,0,0,0,0,20,0,20,10,0,0,NA,"Red","Long","1",1,17,12,13,10,20,18,20,12,10,16,14,6,9,5,8,5,5,13,16,5,16,15,7,13,5,10,12,13,8,7,5,13,13,10,11,14,NA,NA,NA,NA,NA,NA,NA,NA,NA,NA,NA,"Marks Opponent Tightly \ Curls Ball",3500000,2022-07-06,"Active"
"dlamb","S1",434,2021-11-21,"FA","Arwyn","Lamb","Arwyn Lamb","dlamb#5469","Wales","71","200","Right","Midfielder","Attacking Midfielder [L]",5,20,0,15,10,0,0,0,0,0,0,0,0,NA,"Dark Brown","Medium","4",0,9,10,5,5,20,12,20,5,6,9,13,9,15,5,5,7,5,5,15,5,10,9,5,11,5,7,5,12,5,10,5,9,11,11,12,10,NA,NA,NA,NA,NA,NA,NA,NA,NA,NA,NA,"Runs With Ball Often \ Dictates Tempo",1500000,2021-12-21,"IA"
"Minion","S1",350,2021-11-21,"FA","Olsen","Minion","Olsen Minion","Minion#9087","Ontario, Canada","72","120","Right","Midfielder","Attacking Midfielder [L]",10,20,0,0,0,15,0,0,0,0,0,5,0,NA,"Light Brown","Medium","4",0,15,7,7,7,20,15,20,10,10,12,12,8,5,5,5,10,10,5,10,5,8,12,5,7,5,5,5,6,5,5,8,12,5,5,5,5,NA,NA,NA,NA,NA,NA,NA,NA,NA,NA,NA,"Looks For Pass Rather Than Attempting to Score \ Shoots From Distance",1e+06,2021-12-03,"IA"
"roastpuff","S1",776,2021-11-22,"Hollywood FC","Alfredo","Puttanesca","Alfredo Puttanesca","roastpuff#1709","Canada","68","175","Right","Midfielder","Defensive Midfielder",0,0,0,0,0,20,0,0,20,0,0,10,0,NA,"Light Brown","Short","13",4,17,14,8,5,20,16,20,14,5,5,5,5,14,5,5,5,5,13,14,5,16,12,5,14,5,10,10,16,5,5,5,5,15,10,13,13,NA,NA,NA,NA,NA,NA,NA,NA,NA,NA,NA,"Marks Opponent Tightly \ Plays Short Simple Passes \ Stays Back At All Times",2500000,2022-06-23,"Active"
"ProjectSaint","S1",920,2021-11-22,"Tokyo S.C.","Emilliano-Yoichi","Isagi","Emilliano-Yoichi Isagi","ProjectSaint#3114","San Marino","5'10""","170","Right","Midfielder","Attacking Midfielder [C]",15,0,20,0,0,15,0,0,0,0,0,0,0,NA,"Black","Short","4",0,14,14,12,9,20,15,20,11,11,10,14,14,14,14,9,13,5,7,14,9,7,17,5,12,7,12,10,13,7,13,7,13,11,10,14,10,NA,NA,NA,NA,NA,NA,NA,NA,NA,NA,NA,"Tries Killer Balls Often \ Shoots With Power",3e+06,2022-07-10,"Active"
"sköldpaddor","S1",1008,2021-11-22,"Tokyo S.C.","Helena","Söderberg","Helena Söderberg","Jess#1802","Sweden","70","143","Right","Midfielder","Midfielder [C]",0,0,0,15,0,20,15,0,0,0,0,0,0,NA,"Blonde","Long","3",0,16,9,15,7,20,16,20,14,7,9,13,10,14,7,7,12,5,13,15,10,13,14,12,13,8,13,10,16,10,8,7,14,14,13,11,14,NA,NA,NA,NA,NA,NA,NA,NA,NA,NA,NA,"Plays One-Twos \ Likes to Switch Ball to Other Flank \ Comes in deep to get ball \ Arrives late in opponent’s area",3500000,2022-07-11,"Active"
"omniscius","S1",1035,2021-11-22,"CF Catalunya","Budget","Busquets","Budget Busquets","omniscius#2802","Sabadell, Catalonia","74","167","Right","Midfielder","Defensive Midfielder [C]",0,0,0,0,0,15,0,0,20,0,0,15,0,NA,"Black","Short","3",9,12,12,12,14,20,11,20,13,5,5,8,5,15,5,13,5,5,14,15,5,15,15,6,16,10,15,13,18,7,5,5,11,16,14,15,13,NA,NA,NA,NA,NA,NA,NA,NA,NA,NA,NA,"Comes Deep To Get Ball \ Dictates Tempo",3500000,2022-07-07,"Active"
"Katth","S1",444,2021-11-22,"Sydney City","Barry","Batsbak","Barry Batsbak","Katth#7745","Enschede, Netherlands","74","170","Right","Midfielder","Attacking Midfielder [L]",0,20,10,5,15,0,0,0,0,0,0,0,0,NA,"Blonde","Medium","4",94,10,10,10,7,20,10,20,9,5,10,10,10,8,8,6,8,5,8,10,5,8,10,5,9,8,8,10,10,8,8,5,8,10,10,10,10,NA,NA,NA,NA,NA,NA,NA,NA,NA,NA,NA,"Cuts Inside \ Curls Ball",1500000,2021-12-19,"IA"
"CJTheM16","S1",390,2021-11-22,"FA","C.J.","O'Broussard","C.J. O'Broussard","CJ the Flammenwerfer #2903","Ireland","68","170","Right","Forward","Striker",20,15,15,0,0,0,0,0,0,0,0,0,0,NA,"Black","Short","1",0,10,10,10,10,20,10,20,15,10,5,10,10,10,5,6,15,5,5,5,5,5,9,8,9,5,6,5,5,9,9,10,6,8,12,8,8,NA,NA,NA,NA,NA,NA,NA,NA,NA,NA,NA,"Tries to Play Way Out of Trouble \ Places Shots",1500000,2021-12-13,"IA"
"negs","S1",478,2021-11-22,"FA","Heh","Heh","Heh Heh","negs#5319","Switzerland","70","180","Right","Forward","Striker",20,20,5,5,0,0,0,0,0,0,0,0,0,NA,"Dark Brown","Bald","3",12,10,7,6,5,20,11,20,5,5,5,12,20,11,5,10,5,5,5,5,5,5,8,5,5,5,10,5,10,5,5,5,10,20,5,5,5,NA,NA,NA,NA,NA,NA,NA,NA,NA,NA,NA,"Tries First Time Shots \ Likes to Try to Beat Offside Trap",1500000,2022-01-21,"IA"
"RashfordU","S1",1062,2021-11-25,"Hollywood FC","Mikko","Rashford","Mikko Rashford","RashfordU#4119","Zambia","71","180","Right","Midfielder","Midfielder C",0,0,10,0,0,20,0,0,20,0,0,0,0,NA,"Black","Short","14",2,18,14,11,5,20,17,20,13,5,5,10,10,16,12,5,10,5,13,16,5,13,13,5,13,5,13,10,17,5,5,15,15,11,10,17,13,NA,NA,NA,NA,NA,NA,NA,NA,NA,NA,NA,"Dictates Tempo \ Looks For Pass Rather Than Attempting to Score",3500000,2022-07-11,"Active"
"trella","S1",350,2021-11-25,"Retired","Theodore","Cuddles","Theodore Cuddles","python#7936","United States","77","220","Right","Midfielder","Attacking Midfielder [R]",15,0,5,20,0,0,10,0,0,0,0,0,0,NA,"Dark Brown","Short","4",0,12,8,10,8,20,10,20,12,8,9,9,10,8,8,5,10,6,5,7,7,7,12,7,9,9,8,9,8,7,7,5,10,9,8,10,8,NA,NA,NA,NA,NA,NA,NA,NA,NA,NA,NA,"Shoots With Power \ Tries To Play Way Out Of Trouble",1e+06,2021-12-06,"IA"
"sve7en","S1",655,2021-11-27,"AS Paris","A Singular Tub of FazeBerry ®","GFuel ® Energy Formula - The Official Drink of ESports ®","A Singular Tub of FazeBerry ® GFuel ® Energy Formula - The Official Drink of ESports ®","sve7en#9693","United States","72","180","Left","Defender","Wingback L",0,0,0,0,0,0,0,20,0,0,20,10,0,NA,"Black","Short","5",5,15,10,5,5,20,15,20,5,5,16,15,5,5,5,5,5,5,15,12,5,15,10,5,6,5,10,12,11,6,5,5,12,16,6,5,15,NA,NA,NA,NA,NA,NA,NA,NA,NA,NA,NA,"Gets Forward Whenever Possible \ Runs With Ball Often",2500000,2022-07-10,"Active"
"LB3737","S1",674,2021-11-29,"Sydney City","Mack","Fred","Mack Fred","LB3737","Cork, Ireland","68","141","Right","Midfielder","Defensive Midfielder",0,0,0,0,0,15,0,0,20,0,0,15,0,NA,"Red","Short","4",0,15,5,5,10,20,15,20,10,5,5,7,5,10,5,9,5,5,14,16,5,17,12,5,10,5,12,10,12,10,5,5,12,15,11,10,13,NA,NA,NA,NA,NA,NA,NA,NA,NA,NA,NA,"Refrains From Taking Long Shots \ Runs With Ball Rarely",2500000,2022-06-26,"Active"
"canes2112","S1",608,2021-11-30,"Montréal United","Blueberry","Poptart","Blueberry Poptart","hurricanes2112#6608","United States","68","160","Right","Midfielder","Defensive Midfielder [C]",0,0,0,0,0,20,0,0,20,0,0,10,0,NA,"Dark Brown","Short","7",2,11,10,11,10,20,11,20,10,8,8,12,9,12,5,10,7,5,10,13,5,10,12,5,11,7,13,10,13,9,5,7,11,13,12,13,14,NA,NA,NA,NA,NA,NA,NA,NA,NA,NA,NA,"Dictates Tempo \ Comes Deep To Get Ball",2e+06,2022-04-10,"IA"
"mer","S1",850,2021-12-01,"Inter London","Linnea","Nesse","Linnea Nesse","hannah#8282","Røros, Norway","65","130","Right","Defender","Fullback [R]",0,0,0,0,0,0,0,0,0,20,0,10,20,NA,"Light Brown","Long","3",10,14,11,11,5,20,13,20,12,10,16,10,5,10,5,5,5,9,16,13,5,16,14,8,11,9,13,11,15,10,8,5,10,16,11,13,10,NA,NA,NA,NA,NA,NA,NA,NA,NA,NA,NA,"Plays One-Twos \ Runs With Ball Down Right",3e+06,2022-07-10,"Active"
"TubbyTim69","S1",716,2021-12-03,"CF Catalunya","Tim","Sinclair","Tim Sinclair","TubbyTim69#4207","Canada","72","175","Right","Midfielder","Attacking Midfielder [R]",0,0,15,0,0,20,0,0,15,0,0,0,0,NA,"Blonde","Long","2",0,13,13,6,7,20,13,20,11,5,5,12,5,14,5,7,6,5,10,14,5,13,13,9,13,8,13,8,15,5,12,5,13,14,13,14,13,NA,NA,NA,NA,NA,NA,NA,NA,NA,NA,NA,"Comes Deep To Get Ball \ Gets Into Oppositions' Area",2500000,2022-07-09,"Active"
"Eagle Eye","S1",350,2021-12-05,"FA","Maximus","Djimrabaye Jr.","Maximus Djimrabaye Jr.","EagleEye","Central African Republic","82","240","Left","Defender","Wingback [L]",0,0,0,0,0,0,0,20,0,10,10,0,10,NA,"Dark Brown","Medium","18",0,10,10,5,5,20,15,20,6,5,15,10,5,10,5,5,5,10,10,10,5,10,10,5,10,5,5,5,10,5,8,5,5,10,5,10,10,NA,NA,NA,NA,NA,NA,NA,NA,NA,NA,NA,"Dives Into Tackles \ Runs With Ball Often",1e+06,2022-05-05,"IA"
"twix","S1",904,2021-12-07,"CF Catalunya","Shion","Okamoto","Shion Okamoto","twix#6032","Karuizawa, Japan","76""","165 lb","L","Midfielder","Attacking Midfielder [R]",0,15,15,20,0,0,0,0,0,0,0,0,0,NA,"Black","Short","3",2,17,15,10,5,20,15,20,5,5,12,16,13,14,5,5,13,5,5,15,5,5,14,5,13,5,14,11,15,5,13,5,14,5,13,15,13,NA,NA,NA,NA,NA,NA,NA,NA,NA,NA,NA,"Cuts Inside \ Runs With Ball Often \ Tries Killer Balls Often",3e+06,2022-07-07,"Active"
"HouseOfBlack","S1",841,2021-12-07,"Sydney City","Malakai","Black","Malakai Black","","Netherlands","5'11""","215","Right","Midfielder","Midfielder [C]",0,0,0,0,0,20,0,0,15,0,0,15,0,NA,"Black","Long","Skin Tone 4",1,15,10,7,9,20,15,20,10,5,5,12,12,13,5,9,5,5,15,15,5,15,13,5,12,5,12,13,16,8,7,5,14,15,13,12,12,NA,NA,NA,NA,NA,NA,NA,NA,NA,NA,NA,"Plays One-Twos \ Arrives Late In Opponents' Area \ Look For Pass",3e+06,2022-07-09,"Active"
"WildfireMicro","S1",386,2021-12-07,"Retired","Davy","Mac","Davy Mac","WildfireMicro","Inkoplis","6'1","210","right","Midfielder","Midfielder [C]",5,10,0,0,15,20,0,0,0,0,0,0,0,NA,"green","short","white",0,11,11,10,11,20,7,20,10,10,10,10,10,10,10,9,10,8,8,10,7,6,10,8,5,10,10,5,5,10,10,10,10,5,5,5,6,NA,NA,NA,NA,NA,NA,NA,NA,NA,NA,NA,"Looks For Pass Rather Than Attempting to Score \ Runs With Ball Often",1500000,2022-07-11,"Active"
"EsAmYk","S1",667,2021-12-10,"Hollywood FC","Sam","Siege","Sam Siege","EsAmYk#9386","Portland, OR","66 inches","180","Right","Defender","Defender [R]",0,0,0,0,0,0,0,0,0,0,15,20,15,NA,"Dark Brown","Short","3",9,13,12,13,13,20,13,20,13,7,7,7,5,7,7,11,6,5,13,10,5,13,8,10,13,10,13,13,16,10,7,7,10,13,10,10,10,NA,NA,NA,NA,NA,NA,NA,NA,NA,NA,NA,"Does Not Dive Into Tackles \ Stays Back at All Times",2500000,2022-06-25,"Active"
".simo","S1",620,2021-12-13,"Seoul MFC","Darren","Lockyer","Darren Lockyer","","Brisbane","6ft","200lbs","Right","Defender","Defender C",0,0,0,0,0,0,0,0,20,0,0,20,10,NA,"Dark Brown","Short","6",8,15,5,5,15,20,15,20,15,5,5,5,5,5,5,15,5,5,16,5,5,16,5,10,12,10,10,12,10,5,5,5,5,16,5,5,5,NA,NA,NA,NA,NA,NA,NA,NA,NA,NA,NA,"Runs With Ball Rarely \ Stays Back at All Times",2e+06,2022-04-03,"IA"
"Big Newff","S1",698,2021-12-19,"Retired","Dr.","Doofenshmirtz","Dr. Doofenshmirtz","Big Newff#8891","Leicester","77 inches","210 lbs","Right","Midfielder","Midfielder [C]",0,0,0,0,0,0,0,0,20,10,0,20,0,NA,"Light Brown","Medium","3",0,11,13,12,13,20,11,20,13,5,5,10,5,12,5,13,5,5,13,13,5,13,10,10,12,10,13,11,11,10,12,5,10,13,10,11,15,NA,NA,NA,NA,NA,NA,NA,NA,NA,NA,NA,"Curls Ball \ Plays One-Twos",2500000,2022-07-04,"Active"
"SleepyPlayz","S2",636,2021-12-25,"CF Catalunya","Jackson","Clarke","Jackson Clarke","Flash on F#0470","Charlotte, USA","6'2""","201 lbs","R","Midfielder","Midfielder [L]/Attacking Midfielder [L]",15,20,0,15,0,0,0,0,0,0,0,0,0,NA,"Black","Short","Fair",0,16,13,9,5,20,14,20,5,5,5,12,15,12,8,5,12,5,5,12,7,5,12,5,12,5,13,10,12,5,12,5,15,5,10,12,12,NA,NA,NA,NA,NA,NA,NA,NA,NA,NA,NA,"Moves Into the Channels \ Tries to Beat Offside Trap",2e+06,2022-06-22,"Active"
"lespoils","S2",816,2021-12-28,"Tokyo S.C.","Guillaume-Olivier","Aubuchon-Touchette","Guillaume-Olivier Aubuchon-Touchette","lespoils#4267","Marseille, France","6'0""","190 lbs","Left","Midfielder","Defensive Midfielder",0,0,0,0,0,15,0,0,20,0,0,15,0,NA,"Dark","Short","Dark",16,16,13,14,14,20,16,20,14,5,5,5,5,13,5,11,5,5,13,13,5,16,10,5,13,5,13,13,13,5,5,5,5,15,13,13,10,NA,NA,NA,NA,NA,NA,NA,NA,NA,NA,NA,"Marks Opponent Tightly \ Dives into tackles",3e+06,2022-07-10,"Active"
".Evok","S2",860,2021-12-29,"Hollywood FC","Hun","Possible","Hun Possible","Evok#5032","Mexico City, Mexico","5'7""","122","Right","Defender","Defender [R]",0,0,0,0,0,0,15,0,0,15,0,0,20,NA,"Dark Brown","Long","10",0,18,14,7,10,20,16,20,13,5,15,15,5,15,5,6,5,5,10,10,5,15,15,5,10,5,10,13,16,5,5,5,8,16,5,9,13,NA,NA,NA,NA,NA,NA,NA,NA,NA,NA,NA,"Runs With Ball Often \ Gets Forward Whenever Possible",3e+06,2022-07-10,"Active"
"Nhamlet","S2",856,2021-12-29,"Tokyo S.C.","Sky","Ryze","Sky Ryze","Nhamlet#8515","","7'10""","300","Right","Forward","Striker",20,0,15,15,0,0,0,0,0,0,0,0,0,NA,"Black","Long","8",2,16,10,14,16,20,16,20,15,5,5,9,13,13,5,14,5,5,5,13,5,5,14,9,14,10,14,10,15,5,7,5,15,5,11,12,9,NA,NA,NA,NA,NA,NA,NA,NA,NA,NA,NA,"Plays With Back to Goal \ Plays One-Twos",3e+06,2022-07-10,"Active"
"MN_Moosey","S2",874,2021-12-29,"CF Catalunya","Jökull","Júlíusson","Jökull Júlíusson","Moosey#7461","Mosfellsbær, Iceland","78in","200lbs","Left","Defender","Defender [RLC]",0,0,0,0,0,0,0,0,0,0,15,20,15,NA,"Dark Brown","Short","Skin Tone 5",0,15,12,13,15,20,14,20,15,5,5,5,5,12,5,13,5,5,15,12,5,15,10,10,14,13,13,12,16,7,5,5,5,16,10,12,11,NA,NA,NA,NA,NA,NA,NA,NA,NA,NA,NA,"Marks Opponent Tightly \ Plays Short Simple Passes",3e+06,2022-07-10,"Active"
"Toast","S2",758,2021-12-29,"Montréal United","Dorian","Lexington","Dorian Lexington","Toast#1007","Ottawa, Canada","71","190","Right","Defender","Defender [C]",0,0,0,0,0,0,0,0,10,10,0,20,10,NA,"Dark Brown","Medium","3",116,13,12,11,13,20,14,20,13,10,7,9,5,12,9,12,8,10,14,12,5,15,11,10,12,11,12,10,11,7,5,7,9,12,8,11,16,NA,NA,NA,NA,NA,NA,NA,NA,NA,NA,NA,"Looks For Pass Rather Than Attempting to Score \ Marks Opponent Tightly",2500000,2022-07-10,"Active"
"LSUFAN101","S2",402,2021-12-29,"Sydney City","Antonio","Conte","Antonio Conte","LSUFAN101","Italy","6 feet 1 inch","190 pounds","Right","Forward","Striker",20,15,15,0,0,0,0,0,0,0,0,0,0,NA,"brown","short","white",0,15,5,5,5,20,15,20,5,5,5,5,20,5,5,5,5,5,5,8,5,5,5,5,12,5,12,5,11,5,5,5,12,5,10,5,5,NA,NA,NA,NA,NA,NA,NA,NA,NA,NA,NA,"Gets Into Opposition Area \ Moves Into Channels",1500000,2022-05-26,"IA"
"pauadrian","S2",917,2021-12-29,"Sydney City","Tim","Possible","Tim Possible","Pau#6125","Tijuana, Mexico","5'6","150 lbs","Left","Midfielder","Attacking Midfielder [R]",0,15,15,20,0,0,0,0,0,0,0,0,0,NA,"Dark Brown","Short","10",NA,20,10,8,5,20,20,20,9,5,10,15,15,10,5,5,5,5,5,15,5,5,15,5,12,5,15,10,10,10,10,5,15,5,10,15,10,NA,NA,NA,NA,NA,NA,NA,NA,NA,NA,NA,"list(""Cuts Inside From Both Wings"") \ list(""Runs With Ball Often"") \ list(""Knocks Ball Past Opponent"") \ list(""Gets Forward Whenever Possible"")",3e+06,2022-07-10,"Active"
"Zema","S2",858,2021-12-29,"CA Buenos Aires","Laurent","Gourcuff","Laurent Gourcuff","Zema#5460","Ploemeur, France","6'0''","175lbs","Right","Midfielder","Attacking Midfielder [C]",0,15,20,0,0,15,0,0,0,0,0,0,0,NA,"Light Brown","Medium","6",10,14,13,12,9,20,14,20,12,11,14,13,11,13,11,5,11,5,9,16,5,9,14,5,12,6,12,12,12,10,13,5,13,5,13,14,13,NA,NA,NA,NA,NA,NA,NA,NA,NA,NA,NA,"Tries Killer Balls Often \ Dictates Tempo \ Plays One-Twos \ Likes to Switch Ball to Other Flank",3e+06,2022-06-28,"Active"
"4D Chess","S2",350,2021-12-29,"Retired","Enrique","Posible","Enrique Posible","4D Chess","Tel Aviv","6'4","215","Right","Goalkeeper","Goalkeeper",NA,NA,NA,NA,NA,NA,NA,NA,NA,NA,NA,NA,NA,20,"Black","Long","Tan but not too tan",0,5,10,5,10,20,5,20,5,NA,NA,NA,NA,5,5,NA,NA,NA,NA,5,5,NA,5,5,5,5,5,10,5,5,5,5,5,11,5,5,5,15,10,5,5,15,10,15,5,15,5,10,"",1e+06,2022-07-10,"Active"
"Bauer","S2",350,2021-12-29,"Retired","Skooma","Hulk a Votto","Skooma Hulk a Votto","Bauer#1090","Berlin","6'9""","350lbs","Right","Midfielder","Midfielder [C]",0,0,20,0,0,20,0,0,10,0,0,0,0,NA,"Green","as long as possible","as white as possible",0,10,5,10,7,20,10,20,5,5,5,5,5,15,5,5,5,5,5,15,5,5,10,5,10,5,10,5,15,5,5,5,10,5,10,12,10,NA,NA,NA,NA,NA,NA,NA,NA,NA,NA,NA,"Dictates Tempo \ Tries Killer Balls Often",1e+06,2022-07-09,"Active"
"LarryTheMVP","S2",716,2021-12-30,"Seoul MFC","King","Kong","King Kong","LarryTheMVP#1018","South Korea","6ft10","180lbs","Left","Goalkeeper","Goalkeeper",NA,NA,NA,NA,NA,NA,NA,NA,NA,NA,NA,NA,NA,20,"Brown","Short","Light",68,10,13,5,5,20,8,20,10,NA,NA,NA,NA,12,10,NA,NA,NA,NA,10,5,NA,13,10,13,10,11,7,13,9,7,5,8,13,8,7,11,13,13,10,5,12,10,13,13,13,10,10,"",2500000,2022-06-26,"Active"
"Aneeqs","S2",923,2021-12-30,"Sydney City","Xherdan","Xhaka","Xherdan Xhaka","AneeqPog","Zurich, Switzerland","5'10","150lbs","Right","Defender","Fullback [R]",0,0,0,0,0,0,0,0,0,15,15,0,20,NA,"Black","Short","Brown",NA,16,10,9,13,20,17,20,12,5,16,12,7,11,6,12,5,5,14,13,5,16,12,5,12,5,11,13,13,10,8,5,13,16,12,13,13,NA,NA,NA,NA,NA,NA,NA,NA,NA,NA,NA,"list(""Gets Forward Whenever Possible"") \ list(""Plays One-Twos"") \ list(""Tries Long Range Passes"")",3e+06,2022-07-11,"Active"
"C9Van","S2",931,2021-12-30,"Sydney City","Owen","Forty-Four","Owen Forty-Four","I do not feel comfortable giving you this information.","Ljubljana, Slovenia","6 foot 1","215","Right","Forward","Striker",20,10,20,0,0,0,0,0,0,0,0,0,0,NA,"Black","Short but I demand sideburns","White",1,18,10,10,12,20,20,20,14,5,5,10,20,10,5,10,5,5,5,5,11,5,14,5,15,5,16,7,13,5,5,5,16,5,12,7,11,NA,NA,NA,NA,NA,NA,NA,NA,NA,NA,NA,"Gets Forward Whenever Possible \ Likes to Try to Beat Offside Trap \ Places Shots",3e+06,2022-07-11,"Active"
"High Stick King","S2",920,2022-01-03,"Hollywood FC","Spack","Jarrow","Spack Jarrow","High Stick King#9653","Zambia","82","190","Right","Defender","Defender [C]",NA,NA,NA,NA,NA,NA,NA,NA,NA,NA,15,20,15,NA,"Dark Brown","Long","3",0,17,13,9,17,20,17,20,16,5,5,5,5,10,5,13,5,5,18,10,5,13,5,5,15,10,10,10,18,5,5,5,5,18,5,5,10,NA,NA,NA,NA,NA,NA,NA,NA,NA,NA,NA,"Plays Short Simple Passes \ Marks Opponent Tightly",3e+06,2022-07-11,"Active"
"RenoJacksonHS","S2",909,2022-01-04,"CF Catalunya","Alexandra","Gunnarsson","Alexandra Gunnarsson","Reno ◢ ◤#1997","Seyðisfjörður, Iceland","6'1""","159 pounds","Left","Goalkeeper","Goalkeeper",NA,NA,NA,NA,NA,NA,NA,NA,NA,NA,NA,NA,NA,20,"Blonde","Long","1",1,10,16,8,5,20,10,20,8,NA,NA,NA,NA,10,5,NA,NA,NA,NA,10,5,NA,10,8,13,12,14,10,15,7,5,5,5,18,8,10,8,15,14,13,10,13,11,16,10,16,12,10,"",3e+06,2022-07-11,"Active"
"Fluw","S2",912,2022-01-04,"Montréal United","Ioannis","Papastathopoulos","Ioannis Papastathopoulos","Wulfsbach#7520","Kastoria, Greece","6'1""","176 lbs","Left","Defender","Fullback [L]",0,8,0,0,8,0,0,20,0,0,14,0,0,NA,"Black","Short","5",10,16,14,13,8,20,13,20,13,6,12,13,10,12,6,6,10,7,11,13,10,13,14,13,12,13,12,12,12,13,13,10,12,11,10,12,13,NA,NA,NA,NA,NA,NA,NA,NA,NA,NA,NA,"Gets Forward Whenever Possible \ Runs With Ball Down Left",3e+06,2022-07-08,"Active"
"Aleris","S2",835,2022-01-04,"Adowa Accra FC","Eirlys","Snooks","Eirlys Snooks","Aleris#8437","Swansea, Wales","6' 3""","175 lbs","Left","Defender","Defender [C]",0,0,0,0,0,0,0,10,0,0,20,20,0,NA,"Brown","Long","White",3,17,9,10,10,20,15,20,12,8,8,8,8,8,8,14,8,8,15,13,10,16,8,11,13,10,15,13,12,10,8,8,8,13,8,11,11,NA,NA,NA,NA,NA,NA,NA,NA,NA,NA,NA,"Dives Into Tackles \ Likes to Switch Ball to Other Flank",3e+06,2022-07-10,"Active"
"UberBJ","S2",500,2022-01-04,"FA","Xabi","Akinfenwa","Xabi Akinfenwa","UberBJ#0097","Moscow","5' 10""","205","Left","Midfielder","Defensive Midfielder",0,0,10,0,10,10,0,0,20,0,0,0,0,NA,"Brown","Short","Mocha Latte",0,11,12,12,7,20,14,20,8,5,9,9,10,13,5,8,10,5,11,14,5,11,12,7,10,5,11,7,13,5,7,6,7,10,7,11,10,NA,NA,NA,NA,NA,NA,NA,NA,NA,NA,NA,"Dictates Tempo \ Tries Long Range Passes",1500000,2022-06-03,"IA"
"KingOercy","S2",628,2022-01-06,"AS Paris","Ayomide","Ayodele","Ayomide Ayodele","the boss#7819","Lagos, Nigeria","6'0","180 lbs","Right","Midfielder","Attacking Midfielder [L]",10,20,10,10,0,0,0,0,0,0,0,0,0,NA,"Black","Short","20",18,14,10,10,5,20,14,20,10,6,11,15,12,12,10,5,10,5,5,10,10,5,12,10,9,5,12,10,10,10,10,10,12,10,10,10,12,NA,NA,NA,NA,NA,NA,NA,NA,NA,NA,NA,"Cuts Inside \ Tries to Play Way Out of Trouble",2e+06,2022-07-10,"Active"
"taterswc","S2",795,2022-01-09,"Athênai F.C.","Makrus","""The Tater"" Jager","Makrus ""The Tater"" Jager","Tater#8856","Kessel, Germany","76","247","Right","Midfielder","Midfielder [C]",0,0,10,0,10,20,10,0,0,0,0,0,0,NA,"Black","Short","4",25,10,10,13,7,20,10,20,10,7,10,10,8,13,6,6,10,7,8,15,6,15,15,8,10,8,10,10,10,10,15,15,12,10,15,13,13,NA,NA,NA,NA,NA,NA,NA,NA,NA,NA,NA,"Looks For Pass Rather Than Attempting to Score \ Argues With Officials",2500000,2022-07-10,"Active"
"visceralpotamus","S2",480,2022-01-09,"Cairo City","Pasta","the Turtle","Pasta the Turtle","visceralpotamus#2053","Galapogos","6ft 2in","83kg","left","Defender","Centre Back",0,0,0,0,0,0,0,0,20,0,10,20,0,NA,"Red","Long","1",0,10,7,10,13,20,12,20,12,5,5,9,5,10,5,12,5,5,10,10,5,10,10,10,13,11,10,11,11,10,5,10,5,10,10,11,10,NA,NA,NA,NA,NA,NA,NA,NA,NA,NA,NA,"Dives Into Tackles \ Marks Opponent Tightly",1500000,2022-03-31,"IA"
"Slick","S2",350,2022-01-10,"FA","Keon","Joseph","Keon Joseph","SliclakzRB#2020","England","6'2","195","Right","Forward","Striker",20,10,10,10,0,0,0,0,0,0,0,0,0,NA,"Black","Short","Black",0,5,5,10,5,20,5,20,5,5,5,10,19,5,13,10,5,5,5,5,15,5,10,5,5,5,10,5,10,5,10,5,5,10,5,5,5,NA,NA,NA,NA,NA,NA,NA,NA,NA,NA,NA,"Attempts Overhead Kicks \ Shoots With Power",1e+06,2022-01-23,"IA"
"HalfEatenOnionBagel","S2",888,2022-01-11,"Inter London","Bud-Lite","""Large Box"" McGuirk","Bud-Lite ""Large Box"" McGuirk","HalfEatenOnionBagel#3455","Worcester, Massachusetts, USA","6'2""","300 lbs","Left","Midfielder","Midfielder [C]",0,0,15,0,0,20,0,0,15,0,0,0,0,NA,"Orange","Short","2",0,12,10,10,10,20,13,20,10,5,5,10,5,13,5,10,5,5,13,18,5,15,15,10,13,10,15,10,15,10,10,5,13,13,12,17,12,NA,NA,NA,NA,NA,NA,NA,NA,NA,NA,NA,"Tries Killer Balls Often \ Tries Long Range Passes",3e+06,2022-07-09,"Active"
"Bfine","S2",786,2022-01-11,"Cairo City","Powdered","ToastMan","Powdered ToastMan","Bfine #1386","Washington D.C, USA","6'5","250","Right","Defender","Defender [C]",0,0,0,0,0,0,0,0,0,0,15,20,15,NA,"Blonde","Long","2",4,13,7,13,17,20,13,20,15,5,5,7,10,7,5,14,5,5,18,11,5,16,6,5,13,8,10,10,10,7,5,8,11,16,10,10,13,NA,NA,NA,NA,NA,NA,NA,NA,NA,NA,NA,"Marks Opponent Tightly \ Does Not Dive Into Tackles \ Stays Back at All Times",2500000,2022-06-30,"Active"
"KenitohMenara","S2",502,2022-01-11,"Adowa Accra FC","Jordan","Rossiter","Jordan Rossiter","KenitohMenara#9134","United Kingdom","6ft 3","196lbs","Right","Midfielder","Midfielder [L]",NA,NA,NA,NA,15,20,15,NA,NA,NA,NA,NA,NA,NA,"Ginger","Medium length","White",3,15,10,5,5,20,13,20,10,5,5,5,5,13,15,5,13,5,10,13,5,10,10,5,10,5,11,5,14,5,5,5,10,10,5,13,10,NA,NA,NA,NA,NA,NA,NA,NA,NA,NA,NA,"Hits Free Kicks With Power \ Curls Ball",2e+06,2022-05-24,"IA"
"MrMom","S2",607,2022-01-14,"Montréal United","Adam","Rage","Adam Rage","Mr.Mom #5271","Isca sullo Ionio, Italy","6 ft, 3 in","180 lbs","right","Goalkeeper","Goalkeeper",NA,NA,NA,NA,NA,NA,NA,NA,NA,NA,NA,NA,NA,20,"black","medium","3",3,5,14,12,12,20,5,20,5,NA,NA,NA,NA,10,5,NA,NA,NA,NA,10,5,NA,6,8,10,9,10,12,13,11,5,10,5,10,6,8,9,14,14,12,10,12,10,13,10,10,10,10,"",2e+06,2022-07-04,"Active"
"Snussu","S2",570,2022-01-15,"Athênai F.C.","Lari","Ligmanen","Lari Ligmanen","Snussu#8929","Finland","5'11","170","Right","Midfielder","Midfielder [C]",0,0,0,0,0,20,0,0,20,0,0,10,0,NA,"Blonde","Short","White",8,10,9,8,10,20,10,20,8,5,5,8,5,9,7,10,5,5,13,14,5,13,8,5,10,11,12,11,13,10,5,13,10,13,12,14,12,NA,NA,NA,NA,NA,NA,NA,NA,NA,NA,NA,"Looks For Pass Rather Than Attempting to Score \ Dictates Tempo \ Tries for Long Range Passes",2e+06,2022-06-06,"IA"
"spooked","S2",857,2022-01-15,"Montréal United","Coffee","Biscuit","Coffee Biscuit","spooked#6666","Italy","76","205","Right","Forward","Striker",20,20,10,0,0,0,0,0,0,0,0,0,0,NA,"Brown","Long","1",67,18,16,10,12,20,18,20,14,5,5,10,17,12,7,10,8,5,5,10,5,5,12,5,10,7,12,10,12,7,9,5,14,10,10,5,12,NA,NA,NA,NA,NA,NA,NA,NA,NA,NA,NA,"Places Shots \ Likes to Try to Beat Offside Trap \ Cuts Inside from Both Wings",3e+06,2022-07-10,"Active"
"vic","S2",350,2022-01-15,"FA","Victor","Dallas","Victor Dallas","vic.#2113","Philadelphia, Pennsylvania","72 inches","185 lbs","Right","Forward","Striker",20,5,15,10,0,0,0,0,0,0,0,0,0,NA,"Light Brown","Medium","5",0,7,7,7,7,20,7,20,9,8,8,10,15,10,10,8,9,5,5,10,10,5,10,7,9,8,7,7,10,9,6,7,9,11,9,7,9,NA,NA,NA,NA,NA,NA,NA,NA,NA,NA,NA,"Gets Into Opposition Area \ Places Shots",1e+06,2022-01-15,"IA"
"Sburbine","S2",835,2022-01-16,"Hollywood FC","Gerald","Gerrard","Gerald Gerrard","sburbine#0062","Whiston, Merseyside, England","6'1""","160","Left","Defender","Defender L",0,0,0,0,10,0,0,20,0,0,20,0,0,NA,"Brown","Medium","3",13,18,13,10,10,20,16,20,13,5,14,10,5,14,5,10,5,5,14,13,5,14,11,5,13,5,10,13,16,5,5,5,5,16,10,5,13,NA,NA,NA,NA,NA,NA,NA,NA,NA,NA,NA,"Gets Forward Whenever Possible \ Knocks Ball Past Opponent \ Curls Balls",3e+06,2022-07-10,"Active"
"Tylar","S2",771,2022-01-16,"Seoul MFC","Ketchup","Noodle","Ketchup Noodle","tylar#6640","Novi Sad, Serbia","6'0","175","Left","Midfielder","AML",10,20,0,20,0,0,0,0,0,0,0,0,0,NA,"Red","Short","Pale",29,16,13,13,5,20,17,20,11,10,14,15,9,15,5,5,6,5,7,15,5,5,10,5,9,6,13,10,12,10,13,5,9,5,8,10,14,NA,NA,NA,NA,NA,NA,NA,NA,NA,NA,NA,"Cuts Inside \ Runs With Ball Often",2500000,2022-07-10,"Active"
"beegbeegyoshi","S2",734,2022-01-16,"CF Catalunya","Vins","Vins","Vins Vins","yosh#1100","Vins","6'0","182","Right","Defender","Defense (L)",0,0,0,0,0,0,0,0,0,15,15,0,20,NA,"Black","Short","White",0,15,13,10,10,20,15,20,10,12,13,12,5,12,5,10,5,5,12,13,5,12,12,10,10,10,11,10,13,6,7,5,12,12,10,12,15,NA,NA,NA,NA,NA,NA,NA,NA,NA,NA,NA,"Gets forward whenever possible \ Runs With Ball Often \ Plays One-Twos",2500000,2022-07-09,"Active"
"ColeMrtz","S2",857,2022-01-18,"Seoul MFC","Cole","Mertz","Cole Mertz","N/A","Galway, Ireland","74","147","Right","Defender","Defender C",0,0,0,0,15,0,0,0,15,0,0,20,0,NA,"Black 2","Medium","5",17,18,10,10,18,20,15,20,10,5,8,10,8,10,10,14,10,5,14,14,5,14,10,5,12,12,10,10,10,5,5,7,12,12,10,12,13,NA,NA,NA,NA,NA,NA,NA,NA,NA,NA,NA,"Shoots From Distance \ Arrives Late In Opponents' Area",3e+06,2022-07-06,"Active"
"unconfident","S2",478,2022-01-25,"AS Paris","Leonardo","Escorcia","Leonardo Escorcia","EMPTY","Colombia","76","198","Right","Defender","Defense [C]",0,0,0,0,0,15,0,0,15,0,0,20,0,NA,"Light Brown 1","Bald","Skin Tone 1",0,10,7,7,13,20,16,20,13,5,5,6,5,5,5,13,5,5,13,7,5,15,9,10,13,10,10,10,10,5,5,5,5,15,5,5,5,NA,NA,NA,NA,NA,NA,NA,NA,NA,NA,NA,"Plays Short Simple Passes \ Runs With Ball Rarely",1500000,2022-05-15,"IA"
"Lordmon277","S2",368,2022-01-28,"FA","Zero","Axel","Zero Axel","Zero#9687","Berlin, Germany","72","200","Right","Goalkeeper","Goalkeeper",NA,NA,NA,NA,NA,NA,NA,NA,NA,NA,NA,NA,NA,20,"Dark Brown 2","Long","Skin Tone 6",18,5,15,5,5,20,6,20,6,NA,NA,NA,NA,5,5,NA,NA,NA,NA,5,5,NA,5,5,15,5,5,15,5,5,5,5,5,15,5,6,5,11,10,5,5,5,5,10,5,15,5,5,"",1500000,2022-02-19,"IA"
"SiilverDruid","S2",721,2022-01-30,"Montréal United","Siilver","Druid","Siilver Druid","EMPTY","Bern, Switzerland","71","180","Right","Midfielder","Attacking Midfielder R",0,0,20,20,0,10,0,0,0,0,0,0,0,NA,"Dark Brown 3","Medium","Skin Tone 7",25,12,12,12,7,20,14,20,12,7,13,12,13,13,10,8,13,7,10,14,5,7,15,8,6,5,13,8,12,8,12,5,13,10,11,11,7,NA,NA,NA,NA,NA,NA,NA,NA,NA,NA,NA,"Shoots From Distance \ Likes to Switch Ball to Other Flank",2500000,2022-06-26,"Active"
"mutedfaith","S2",745,2022-02-04,"Athênai F.C.","Cal","Labovitch","Cal Labovitch","mutedfaith#2549","Bern, Switzerland","64","140","Right","Midfielder","Attacking Midfielder R",0,0,0,20,0,0,10,0,0,10,0,0,10,NA,"Blonde 1","Short","Skin Tone 1",11,17,11,10,10,20,16,20,7,5,13,13,12,11,5,11,5,6,5,13,5,5,13,5,10,5,10,13,13,13,11,5,13,10,13,13,13,NA,NA,NA,NA,NA,NA,NA,NA,NA,NA,NA,"Runs With Ball Down Right \ Hugs Line \ Curls Ball",2500000,2022-07-11,"Active"
"TomTaylor","S2",554,2022-02-10,"FA","Tom","Taylor","Tom Taylor","EMPTY","Vancouver, Canada","74","190","Right","Forward","Striker",20,5,15,0,0,10,0,0,0,0,0,0,0,NA,"Black 1","Short","Skin Tone 17",46,14,7,5,7,20,14,20,5,5,5,14,15,12,5,10,5,5,5,10,10,5,10,5,5,10,12,10,15,5,5,5,14,5,10,10,10,NA,NA,NA,NA,NA,NA,NA,NA,NA,NA,NA,"Places Shots \ Plays One-Two's",2e+06,2022-04-28,"IA"
"KZBZ","S2",769,2022-02-17,"Adowa Accra FC","Kofi","Anshah","Kofi Anshah","KZB","Accra, Ghana","70","154","Left","Midfielder","Attacking Midfielder [L]",0,15,0,0,0,0,0,15,0,0,20,0,0,NA,"Dark Brown 3","Bald","Skin Tone 17",3,17,13,10,5,20,16,20,12,5,13,13,5,13,5,5,5,6,10,13,5,13,13,5,11,5,10,13,15,11,10,5,10,15,10,10,13,NA,NA,NA,NA,NA,NA,NA,NA,NA,NA,NA,"Runs With Ball Often \ Plays One-Twos",2500000,2022-07-11,"Active"
"SteveAiva","S2",786,2022-02-18,"AS Paris","Leonidas","Papadopoulos","Leonidas Papadopoulos","SteveAiva#2564","Sparti, Greece","72","151","Right","Forward","Striker",20,15,0,15,0,0,0,0,0,0,0,0,0,NA,"Black 1","Short","Skin Tone 2",0,16,13,12,8,20,15,20,8,5,5,13,16,14,5,8,9,5,5,12,10,5,15,5,13,5,15,10,12,6,11,5,15,5,12,12,13,NA,NA,NA,NA,NA,NA,NA,NA,NA,NA,NA,"Plays One-Twos \ Moves into the channels",2500000,2022-07-09,"Active"
"thevoicelesscreator","S3",652,2022-02-20,"Inter London","Donna","Rumma","Donna Rumma","thevoicelesscreator#0611","Mexico City, Mexico","76","190","Left","Defender","Defender C",0,0,0,0,0,10,0,0,20,0,0,20,0,NA,"Light Brown 2","Long","Skin Tone 3",0,13,10,10,16,20,16,20,16,5,5,5,5,7,5,16,5,5,15,7,5,16,10,10,10,10,10,10,10,7,5,8,5,13,8,7,5,NA,NA,NA,NA,NA,NA,NA,NA,NA,NA,NA,"Refrains From Taking Long Shots \ Looks For Pass Rather Than Attempting to Score",2500000,2022-07-10,"Active"
"guku","S3",540,2022-02-23,"Cairo City","Borey","Barflett","Borey Barflett","Guku#1395","Columbus, United States","59","121","Right","Goalkeeper","Goalkeeper",NA,NA,NA,NA,NA,NA,NA,NA,NA,NA,NA,NA,NA,20,"Black 3","Long","Skin Tone 20",2,5,13,10,5,20,5,20,5,NA,NA,NA,NA,10,5,NA,NA,NA,NA,10,5,NA,5,5,13,5,10,11,13,5,5,5,5,12,7,8,5,16,13,11,5,13,14,15,5,13,8,7,"",2e+06,2022-07-07,"Active"
"Cleetus","S3",506,2022-02-27,"Sydney City","Nicolás","Inclán","Nicolás Inclán","Cleetus#5978","La Paz, Bolivia","76","198","Left","Midfielder","Midfielder C",0,0,0,0,0,20,0,0,15,0,0,15,0,NA,"Light Brown 2","Medium","Skin Tone 3",0,12,10,10,9,20,12,20,9,5,5,10,5,12,5,9,5,5,11,13,5,13,12,10,10,7,10,9,10,8,5,5,11,8,10,12,15,NA,NA,NA,NA,NA,NA,NA,NA,NA,NA,NA,"Plays Short Simple Passes \ Stays Back at All Times",2e+06,2022-07-10,"Active"
"Drokeep","S3",648,2022-02-28,"CA Buenos Aires","Siegward","OfCatarina","Siegward OfCatarina","drokeep#1485","Füssen, Germany","60","170","Right","Defender","Defender C",0,0,0,0,0,0,0,0,10,0,10,20,10,NA,"Light Brown 1","Long","Skin Tone 7",10,12,13,8,12,20,13,20,10,5,6,9,5,6,13,13,10,9,14,8,5,13,9,13,13,13,11,11,11,8,5,10,11,14,9,7,6,NA,NA,NA,NA,NA,NA,NA,NA,NA,NA,NA,"Hits Free Kicks With Power \ Dictates Tempo",2e+06,2022-07-06,"Active"
"Ace","S3",624,2022-02-28,"Adowa Accra FC","Mikhael","Laudrup","Mikhael Laudrup","Ace#6258","Frederiksberg, Denmark","72","172","Right","Midfielder","Midfielder C",0,0,0,0,5,20,5,0,20,0,0,0,0,NA,"Light Brown 3","Medium","Skin Tone 1",20,14,10,10,5,20,14,20,10,5,5,11,5,13,5,5,10,5,11,16,5,11,14,5,10,10,10,5,14,5,10,5,10,11,13,13,10,NA,NA,NA,NA,NA,NA,NA,NA,NA,NA,NA,"Marks Opponent Tightly \ Dictates Tempo",2e+06,2022-06-30,"Active"
"jhatty8","S3",482,2022-03-01,"CA Buenos Aires","Jaume","Vila","Jaume Vila","jh8#9489","Barcelona, Spain","72","175","Left","Defender","Wingback L",0,10,0,0,10,0,0,20,0,0,10,0,0,NA,"Light Brown 3","Short","Skin Tone 7",0,15,13,10,12,20,15,20,10,5,13,10,5,10,5,5,5,5,10,8,5,8,10,5,7,5,10,6,10,5,7,5,8,8,13,8,15,NA,NA,NA,NA,NA,NA,NA,NA,NA,NA,NA,"Runs With Ball Often \ Gets Forward Whenever Possible",1500000,2022-04-21,"IA"
"solas","S3",710,2022-03-02,"Athênai F.C.","Nico","Fischer","Nico Fischer","solas#2939","Geneva, Switzerland","70","165","Right","Midfielder","Attacking Midfielder L",0,20,15,5,0,10,0,0,0,0,0,0,0,NA,"Blonde 3","Short","Skin Tone 3",0,17,13,10,5,20,17,20,7,8,10,15,13,12,8,5,13,5,5,13,5,5,15,5,9,5,12,5,12,5,12,5,12,5,10,12,13,NA,NA,NA,NA,NA,NA,NA,NA,NA,NA,NA,"Plays One-Twos \ Cuts Inside From Both Wings \ Curls Ball",2500000,2022-07-10,"Active"
"Lemorse7","S3",679,2022-03-02,"CF Catalunya","Juha","Jarvinen","Juha Jarvinen","Lemorse7#5085","Helsinki Finland","78","189","Left","Defender","Defender L",0,0,0,0,0,0,0,15,0,0,20,0,15,NA,"Light Brown 3","Medium","Skin Tone 4",1,20,15,9,9,20,20,20,7,5,9,13,5,11,5,7,5,5,7,14,5,8,7,5,7,5,7,5,12,5,5,5,10,10,7,10,15,NA,NA,NA,NA,NA,NA,NA,NA,NA,NA,NA,"Runs With Ball Often \ Gets Forward Whenever Possible",2500000,2022-07-08,"Active"
"JR95","S3",454,2022-03-03,"Athênai F.C.","Sébastien","Dubois","Sébastien Dubois","JR95#8100","Marsaille, France","71","175","Right","Forward","Striker",20,8,14,8,0,0,0,0,0,0,0,0,0,NA,"Red 1","Short","Skin Tone 1",14,13,10,10,10,20,14,20,10,5,5,12,13,13,5,10,7,5,5,7,7,5,13,5,10,7,7,7,10,10,7,7,11,5,10,10,10,NA,NA,NA,NA,NA,NA,NA,NA,NA,NA,NA,"Likes to Try to Beat Offside Trap \ Moves Into Channels",1500000,2022-03-28,"IA"
"Azjha_59","S3",350,2022-03-03,"FA","Sam","Azjha","Sam Azjha","Azjha#5900","Whitstable, England","60","140","Right","Midfielder","Midfielder L",0,0,0,0,20,15,15,0,0,0,0,0,0,NA,"Light Brown 2","Long","Skin Tone 1",0,13,13,12,11,20,14,20,12,7,7,6,10,6,6,6,10,6,6,6,6,9,7,5,8,5,7,7,10,11,5,6,6,7,7,8,9,NA,NA,NA,NA,NA,NA,NA,NA,NA,NA,NA,"Shoots With Power \ Dictates Tempo",1e+06,2022-03-22,"IA"
"Bauer","S3",730,2022-03-04,"Sydney City","Skoomina","Hulk a Votto","Skoomina Hulk a Votto","Bauer#1090","Berlin, Germany","72","175","Right","Midfielder","Attacking Midfielder C",0,0,20,0,0,20,0,0,10,0,0,0,0,NA,"Red 3","Bald","Skin Tone 1",0,13,5,10,5,20,13,20,10,5,5,12,12,12,10,5,5,5,5,20,5,10,15,5,10,5,12,12,15,7,8,5,13,10,12,15,11,NA,NA,NA,NA,NA,NA,NA,NA,NA,NA,NA,"Tries Killer Balls Often \ Dictates Tempo",2500000,2022-07-09,"Active"
"Whitecap","S3",736,2022-03-05,"Tokyo S.C.","Yannick","Visser","Yannick Visser","Yannick#4694","Netherlands","70","160","Right","Defender","Defender R",0,0,0,0,0,0,0,10,0,20,NA,0,20,NA,"Dark Brown 1","Medium","Skin Tone 1",36,16,10,5,5,20,16,20,10,5,14,13,5,10,5,5,5,5,13,14,5,13,13,5,12,5,12,9,13,5,12,5,11,15,9,12,13,NA,NA,NA,NA,NA,NA,NA,NA,NA,NA,NA,"Runs With Ball Often \ Gets Forward Whenever Possible",2500000,2022-07-08,"Active"
"4D Chess","S3",694,2022-03-06,"Sydney City","Certified","Problem","Certified Problem","","Haifa, Israel","76","200","Right","Goalkeeper","Goalkeeper",NA,NA,NA,NA,NA,NA,NA,NA,NA,NA,NA,NA,NA,20,"Black 2","Long","Skin Tone 8",0,7,15,8,5,20,5,20,7,NA,NA,NA,NA,5,5,NA,NA,NA,NA,5,5,NA,5,5,10,5,7,11,12,7,5,10,5,17,6,5,5,16,16,16,5,12,5,14,5,20,5,5,"",2500000,2022-07-10,"Active"
"Ant","S3",509,2022-03-06,"CA Buenos Aires","Antonio","Governo","Antonio Governo","AntonioG#3557","Irvine , Scotland","71","170","Right","Forward","Striker",20,20,0,10,0,0,0,0,0,0,0,0,0,NA,"Dark Brown 1","Short","Skin Tone 3",9,13,9,9,9,20,13,20,9,5,5,9,15,12,5,5,5,5,5,9,5,5,12,5,14,5,14,12,14,5,5,5,13,11,8,7,9,NA,NA,NA,NA,NA,NA,NA,NA,NA,NA,NA,"Likes to Round Keeper \ Likes to Try to Beat Offside Trap",2e+06,2022-06-22,"Active"
"Mr. Splash Man","S3",626,2022-03-07,"Seoul MFC","Jay Jay","Okocha","Jay Jay Okocha","Mr. Splash Man#6106","Enugu, Nigeria","68","154","Right","Forward","Striker",20,15,0,15,0,0,0,0,0,0,0,0,0,NA,"Black 1","Short","Skin Tone 18",2,16,13,11,10,20,16,20,10,5,5,10,16,13,10,10,10,5,5,10,5,5,10,5,10,5,10,10,10,5,13,5,10,10,10,10,13,NA,NA,NA,NA,NA,NA,NA,NA,NA,NA,NA,"Places Shots \ Tries to beat Offside Trap",2e+06,2022-07-10,"Active"
"adison","S3",430,2022-03-07,"Seoul MFC","Adison","Bond","Adison Bond","adison#3088","Chicago, Illionis","75","190","Right","Midfielder","Midfielder C",0,0,0,0,15,20,0,0,15,0,0,0,0,NA,"Light Brown 1","Long","Skin Tone 2",0,10,10,10,10,20,12,20,10,10,10,13,12,13,5,5,10,5,10,10,10,10,10,13,11,11,7,5,5,5,5,5,5,10,5,5,5,NA,NA,NA,NA,NA,NA,NA,NA,NA,NA,NA,"Gets Into Opposition Area \ Tries to Play Way Out of Trouble",1500000,2022-04-18,"IA"
"Ente2997","S3",350,2022-03-07,"FA","Joe","McMuffin","Joe McMuffin","EMPTY","Elend, Germany","69","170","Right","Forward","Striker",20,10,10,10,0,0,0,0,0,0,0,0,0,NA,"Blonde 2","Short","Skin Tone 4",0,15,15,10,5,20,15,20,8,5,10,8,10,10,5,8,5,5,5,7,7,5,10,7,7,7,7,7,7,7,5,5,7,10,7,7,8,NA,NA,NA,NA,NA,NA,NA,NA,NA,NA,NA,"Curls Ball \ Places Shots",1e+06,2022-03-22,"IA"
"RaidTheArcade","S3",350,2022-03-12,"Athênai F.C.","Zakki","Noriega","Zakki Noriega","No chance","Bogota, Colombia","70","185","Right","Midfielder","Attacking Midfielder C",15,0,20,0,0,15,0,0,0,0,0,0,0,NA,"Dark Brown 1","Short","Skin Tone 10",0,10,5,5,5,20,10,20,5,5,5,9,5,10,5,5,5,5,5,15,5,5,15,5,5,5,5,5,15,5,5,5,5,5,5,15,15,NA,NA,NA,NA,NA,NA,NA,NA,NA,NA,NA,"Tries Killer Balls Often \ Dictates Tempo",1e+06,2022-07-02,"Active"
"seafreddy","S3",671,2022-03-12,"Sydney City","Sator","Freddy","Sator Freddy","seafreddy#3203","Manchester, UK","75","204","Left","Defender","Defender C",0,0,0,0,0,10,0,0,20,0,0,20,0,NA,"Blonde 3","Short","Skin Tone 3",1,15,5,7,15,20,15,20,14,5,5,5,5,5,5,15,5,5,16,8,5,15,5,5,10,7,11,13,14,7,5,5,5,16,12,5,12,NA,NA,NA,NA,NA,NA,NA,NA,NA,NA,NA,"Runs With Ball Rarely \ Stays Back at All Times",2500000,2022-07-06,"Active"
"BlueCod","S3",350,2022-03-12,"Retired","Blue","Cod","Blue Cod","EMPTY","Barbados","60","140","Left","Defender","Defender C",0,0,0,0,0,0,0,0,0,0,20,20,10,NA,"Red 3","Long","Skin Tone 20",0,10,10,10,10,20,10,20,10,10,10,10,5,10,5,10,5,5,10,10,5,10,10,5,9,5,6,10,5,5,5,5,10,10,10,10,10,NA,NA,NA,NA,NA,NA,NA,NA,NA,NA,NA,"Stays Back at All Times \ Runs With Ball Rarely",1e+06,2022-03-27,"IA"
"Derry7","S3",486,2022-03-13,"CA Buenos Aires","Mike","Checker","Mike Checker","IWB94#2297","Quebec","60","175","Right","Defender","Wingback R",0,0,0,10,0,0,0,0,0,20,0,0,20,NA,"Blonde 2","Long","Skin Tone 3",2,10,9,9,9,20,11,20,9,6,10,10,7,8,8,11,8,7,13,11,7,13,8,9,12,11,8,8,9,8,10,9,10,11,9,10,10,NA,NA,NA,NA,NA,NA,NA,NA,NA,NA,NA,"Runs With Ball Often \ Gets Forward Whenever Possible",1500000,2022-07-04,"Active"
"boom","S3",477,2022-03-14,"Seoul MFC","Marianne","Maltais","Marianne Maltais","boom#9539","Estevan, Canada","69","155","Right","Midfielder","Attacking Midfielder L",5,20,10,15,0,0,0,0,0,0,0,0,0,NA,"Red 2","Long","Skin Tone 3",5,12,11,10,9,20,13,20,10,5,10,13,9,10,5,9,12,5,5,13,5,5,12,5,9,5,9,9,9,5,13,5,12,5,10,10,11,NA,NA,NA,NA,NA,NA,NA,NA,NA,NA,NA,"Plays One-Twos \ Places Shots",1500000,2022-05-07,"IA"
"retuperkele","S3",696,2022-03-14,"CA Buenos Aires","Aimo","Tälli","Aimo Tälli","Retu#8833","Finland","71","180","Right","Midfielder","Attacking Midfielder C",0,0,20,0,0,20,10,0,0,0,0,0,0,NA,"Black 1","Short","Skin Tone 20",0,10,12,12,5,20,12,20,12,5,5,13,10,15,5,5,10,5,5,17,5,5,16,5,10,5,13,10,13,10,10,5,13,5,13,16,10,NA,NA,NA,NA,NA,NA,NA,NA,NA,NA,NA,"Plays One-Twos \ Tries Killer Balls Often",2500000,2022-07-11,"Active"
"ValorX77","S3",650,2022-03-15,"Hollywood FC","Videl","Valor","Videl Valor","ValorX77#5210","Tokyo, Japan","66","175","Left","Midfielder","Defensive Midfielder",NA,NA,NA,NA,NA,20,NA,NA,20,NA,NA,10,NA,NA,"Black 1","Short","Skin Tone 1",16,17,13,5,5,20,15,20,13,5,5,6,5,13,5,5,5,5,13,16,5,13,13,5,13,5,10,8,15,5,5,5,5,13,9,13,10,NA,NA,NA,NA,NA,NA,NA,NA,NA,NA,NA,"Marks Opponent Tightly \ Plays Short Simple Passes",2e+06,2022-06-11,"IA"
"marco999","S3",697,2022-03-15,"Cairo City","Pierre","Houde","Pierre Houde","marco999#2549","Quebec City, Canada","78","202","Right","Defender","Defender C",0,0,0,0,0,0,0,0,15,0,15,20,0,NA,"Black 1","Short","Skin Tone 4",9,12,12,13,14,20,14,20,14,5,5,10,5,10,5,13,6,5,14,12,5,14,9,7,13,10,12,10,11,7,5,8,10,14,10,10,13,NA,NA,NA,NA,NA,NA,NA,NA,NA,NA,NA,"Plays Short Simple Passes \ Marks Opponent Tightly",2500000,2022-07-04,"Active"
"Wild Capybara","S3",350,2022-03-15,"FA","Capy","Bara","Capy Bara","Wild Capybara#9304","Montreal, Canada","60","140","Left","Defender","Wingback L",0,0,0,0,15,0,0,20,0,15,0,0,0,NA,"Light Brown 2","Medium","Skin Tone 12",0,10,10,10,5,20,12,20,10,7,10,10,5,10,5,5,5,5,10,10,5,7,10,5,10,5,10,10,10,5,10,5,10,11,10,7,10,NA,NA,NA,NA,NA,NA,NA,NA,NA,NA,NA,"Gets Forward Whenever Possible \ Curls Ball",1e+06,2022-03-23,"IA"
"H0PPY75","S3",652,2022-03-17,"Sydney City","Hunter","Havok","Hunter Havok","H0PPY75#6980","Boise, Idaho, USA","77","200","Right","Midfielder","Attacking Midfielder [L]",0,20,15,15,0,0,0,0,0,0,0,0,0,NA,"Dark Brown 1","Short","Skin Tone 1",0,17,6,7,5,20,17,20,12,5,13,13,14,14,5,7,5,5,5,13,5,5,12,5,13,5,12,10,12,5,7,5,14,5,10,11,11,NA,NA,NA,NA,NA,NA,NA,NA,NA,NA,NA,"Cuts Inside From Both Wings \ Knocks Ball Past Opponent \ Runs With Ball Often",2500000,2022-07-09,"Active"
"Jimmysmo27","S3",356,2022-03-18,"CA Buenos Aires","Jimmy","Seven","Jimmy Seven","Jimmysmo27 (Jimmy the Simmy for those of you in the SHL)","Cincinnati, America","78","200","Right","Defender","Defender C",0,0,0,0,0,10,0,0,20,0,0,20,0,NA,"Dark Brown 2","Long","Skin Tone 5",0,8,8,10,13,20,13,20,13,5,5,5,8,5,5,10,5,5,13,5,5,13,7,5,13,7,8,8,8,8,5,10,5,13,5,5,5,NA,NA,NA,NA,NA,NA,NA,NA,NA,NA,NA,"Looks For Pass Rather Than Attempting to Score \ Marks Opponent Tightly",1500000,2022-07-02,"Active"
"leatherneckmike","S3",652,2022-03-22,"Sydney City","Superior","Athelete","Superior Athelete","","freedom, US","77","140","Right","Defender","Defender C",0,0,0,0,0,0,0,0,15,0,0,20,15,NA,"Light Brown 1","Bald","Skin Tone 3",0,15,5,5,15,20,15,20,13,5,5,5,5,10,5,13,5,5,14,10,5,15,5,5,11,9,12,13,15,7,5,5,5,15,12,6,12,NA,NA,NA,NA,NA,NA,NA,NA,NA,NA,NA,"Stays Back at All Times \ Plays Short Simple Passes",2500000,2022-07-09,"Active"
"PorQueNoLosCinco","S3",700,2022-03-26,"Cairo City","Pascal","Anivierre","Pascal Anivierre","","Versailles, France","70","175","Right","Midfielder","Attacking Midfielder R",10,10,10,20,0,0,0,0,0,0,0,0,0,NA,"Light Brown 1","Medium","Skin Tone 7",0,10,10,10,8,20,12,20,7,7,10,13,13,10,10,11,9,5,5,13,13,8,14,8,11,8,11,10,11,10,9,15,13,12,12,12,13,NA,NA,NA,NA,NA,NA,NA,NA,NA,NA,NA,"Curls Ball \ Cuts Inside From Both Wings \ Plays One-Twos",2500000,2022-07-10,"Active"
"JaytheGreat","S3",601,2022-03-28,"AS Paris","Jay","Bryzski","Jay Bryzski","JayGreatness#0108","Poznan, Poland","74","185","Right","Defender","Defender R",0,0,0,0,0,0,10,0,0,20,0,0,20,NA,"Black 1","Medium","Skin Tone 2",1,12,10,10,8,20,12,20,10,10,13,13,8,12,6,8,6,7,11,13,5,11,13,8,10,8,10,10,12,10,9,7,10,12,10,12,12,NA,NA,NA,NA,NA,NA,NA,NA,NA,NA,NA,"Runs With Ball Down Right \ Curls Ball",2e+06,2022-07-10,"Active"
"khkreator","S3",556,2022-04-02,"Tokyo S.C.","Kody","Hill","Kody Hill","khkreator #7158","Houston, USA","62","170","Right","Goalkeeper","Goalkeeper",NA,NA,NA,NA,NA,NA,NA,NA,NA,NA,NA,NA,NA,20,"Black 3","Buzzcut","Skin Tone 13",6,7,13,7,5,20,6,20,5,NA,NA,NA,NA,5,5,NA,NA,NA,NA,5,5,NA,5,5,13,5,12,12,14,5,5,5,5,15,5,5,5,16,16,13,5,13,5,14,5,15,5,5,"",2e+06,2022-07-08,"Active"
"Muford","S3",651,2022-04-09,"Seoul MFC","Michael","Müller","Michael Müller","Muford#9925","Görlitz Germany","74","194","Left","Midfielder","Midfielder L",0,0,0,0,20,15,15,0,0,0,0,0,0,NA,"Dark Brown 1","Short","Skin Tone 5",3,16,13,13,7,20,16,20,10,5,10,13,10,13,10,5,10,5,5,13,5,5,13,5,12,5,10,5,13,8,13,5,13,5,10,13,10,NA,NA,NA,NA,NA,NA,NA,NA,NA,NA,NA,"Curls Ball \ Hits Free Kicks With Power",2500000,2022-07-09,"Active"
"Aenir","S3",630,2022-04-10,"Seoul MFC","Hugh","Mann","Hugh Mann","Aenir #5228","New New York, Earth (USA)","81","240","Right","Defender","Wingback L",5,0,0,0,0,0,0,20,10,15,0,0,0,NA,"Red 1","Buzzcut","Skin Tone 1",28,16,13,13,13,20,16,20,13,5,10,7,10,10,5,10,5,5,10,10,6,10,10,10,10,10,10,10,10,10,5,5,10,10,10,10,10,NA,NA,NA,NA,NA,NA,NA,NA,NA,NA,NA,"Dives Into Tackles \ Tries Killer Balls Often",2e+06,2022-07-09,"Active"
"Valpix","S3",512,2022-04-20,"Inter London","Gavin","Millar","Gavin Millar","Valpix#6666","Cork, Ireland","72","210","Right","Midfielder","Defensive Midfielder",0,0,0,0,0,15,0,0,20,0,0,15,0,NA,"Dark Brown 3","Long","Skin Tone 1",14,10,10,12,10,20,9,20,14,5,5,5,5,10,5,10,5,5,11,12,5,13,5,12,12,7,11,12,7,10,5,5,5,13,12,12,12,NA,NA,NA,NA,NA,NA,NA,NA,NA,NA,NA,"Tries Long Range Passes \ Shoots With Power",2e+06,2022-07-09,"Active"
"sarah","S3",600,2022-04-23,"Sydney City","Usada","Pekora","Usada Pekora","sarahposting#0880","Tokyo, Japan","72","185","Left","Forward","Striker",0,0,0,0,0,20,0,0,20,0,0,10,0,NA,"Black 1","Long","Skin Tone 1",2,14,5,5,7,20,14,20,10,11,5,5,5,7,5,5,5,5,13,18,5,13,10,5,12,5,10,12,12,5,7,5,5,14,14,14,12,NA,NA,NA,NA,NA,NA,NA,NA,NA,NA,NA,"Tries Killer Balls Often \ Tries Long Range Passes \ Stay Back At All Times",2e+06,2022-07-11,"Active"
"Kasterborous","S3",498,2022-04-23,"CA Buenos Aires","Koschei","Oakdown","Koschei Oakdown","Kasterborous#3121","Leeds, London Definitely not Gallifrey","70","166","Left","Goalkeeper","Goalkeeper",NA,NA,NA,NA,NA,NA,NA,NA,NA,NA,NA,NA,NA,20,"Blonde 2","Short","Skin Tone 2",30,9,10,11,11,20,8,20,9,NA,NA,NA,NA,8,5,NA,NA,NA,NA,10,6,NA,7,6,11,9,11,12,11,9,7,8,8,11,10,9,10,12,9,9,6,11,8,10,6,12,6,8,"",1500000,2022-07-05,"Active"
"Okaychessplayer48","S3",497,2022-04-24,"Athênai F.C.","Tyler","Helman","Tyler Helman","Chef Curry#9457","Syracuse, USA","66","170","Right","Midfielder","Attacking Midfielder C",0,10,20,10,0,10,0,0,0,0,0,0,0,NA,"Light Brown 1","Short","Skin Tone 1",25,10,10,8,8,20,12,20,10,8,5,10,10,8,10,8,12,8,8,16,10,8,8,5,8,5,10,10,8,5,5,5,10,8,7,10,16,NA,NA,NA,NA,NA,NA,NA,NA,NA,NA,NA,"Shoots With Power \ Dictates Tempo",1500000,2022-06-13,"IA"
"Mojo Rizing","S3",528,2022-04-28,"CF Catalunya","Mojo","Rizing","Mojo Rizing","Mojo Rizing | Elite","Bronx, New York - United States","72","175","Right","Forward","Striker",20,15,15,NA,0,0,0,0,0,0,0,0,0,NA,"Blonde 3","Buzzcut","Skin Tone 19",0,17,10,9,5,20,16,20,5,5,5,12,14,12,5,5,12,5,5,10,7,5,12,5,11,5,12,8,12,8,5,5,13,5,5,8,12,NA,NA,NA,NA,NA,NA,NA,NA,NA,NA,NA,"Shoots With Power \ Places Shots",2e+06,2022-07-09,"Active"
"NYJKing","S4",412,2022-04-29,"Athênai F.C.","Jeff","King","Jeff King","NYJKing#9122","New York, USA","77","210","Right","Forward","Striker",20,10,20,0,0,0,0,0,0,0,0,0,0,NA,"Dark Brown 1","Medium","Skin Tone 2",0,7,10,10,10,20,9,20,13,5,5,10,13,13,11,13,11,5,5,9,9,5,10,6,7,7,6,6,10,10,10,6,12,5,7,10,5,NA,NA,NA,NA,NA,NA,NA,NA,NA,NA,NA,"Shoots With Power \ Hits Free Kicks With Power",1500000,2022-05-27,"IA"
"dogwoodmaple","S4",540,2022-05-02,"CF Catalunya","Dogwood","Maple","Dogwood Maple","dogwoodmaple#1747","Atlanta, Georgia, USA","72","185","Right","Forward","Striker",20,0,20,10,0,0,0,0,0,0,0,0,0,NA,"Dark Brown 2","Short","Skin Tone 3",0,16,8,7,6,20,14,20,8,5,5,10,20,10,5,7,10,5,5,10,10,5,11,5,10,5,13,5,12,5,5,5,13,5,7,8,10,NA,NA,NA,NA,NA,NA,NA,NA,NA,NA,NA,"Places Shots \ Gets Into Opposition Area",2e+06,2022-07-08,"Active"
"McAl95","S4",504,2022-05-02,"AS Paris","Mac","Allister","Mac Allister","El_McAlister#9246","Livingstone, Zambia","72","175","Right","Forward","Attacking Midfielder L",15,20,15,NA,NA,NA,NA,NA,NA,NA,NA,NA,NA,NA,"Light Brown 3","Short","Skin Tone 4",0,16,13,10,5,20,15,20,5,5,13,13,7,13,5,5,5,5,5,10,5,5,13,5,10,5,10,5,13,5,10,5,12,5,10,11,11,NA,NA,NA,NA,NA,NA,NA,NA,NA,NA,NA,"Curls Ball \ Runs With Ball Often",2e+06,2022-07-09,"Active"
"tweedledunn","S4",526,2022-05-02,"Adowa Accra FC","Rizzo","Rigmarole","Rizzo Rigmarole","tweedle#0657","Victoria Falls, Zambia","74","185","Right","Midfielder","Attacking Midfielder R",0,15,15,20,0,0,0,0,0,0,0,0,0,NA,"Red 2","Long","Skin Tone 18",0,13,10,5,5,20,13,20,5,5,14,14,7,13,5,5,6,5,5,13,5,5,13,5,9,5,13,5,13,13,5,5,13,5,10,16,8,NA,NA,NA,NA,NA,NA,NA,NA,NA,NA,NA,"Runs With Ball Often \ Curls Ball",2e+06,2022-07-05,"Active"
"blix900","S4",520,2022-05-02,"Adowa Accra FC","Luke","Laraque","Luke Laraque","Blix#7392","Manchester, USA","74","175","Right","Goalkeeper","Goalkeeper",NA,NA,NA,NA,NA,NA,NA,NA,NA,NA,NA,NA,NA,20,"Light Brown 1","Medium","Skin Tone 3",2,8,14,10,11,20,7,20,7,NA,NA,NA,NA,5,5,NA,NA,NA,NA,6,5,NA,5,5,10,5,11,12,12,10,5,5,5,12,5,10,10,14,11,10,5,5,7,16,5,17,5,5,"",2e+06,2022-07-11,"Active"
"Easthombre","S4",350,2022-05-03,"Inter London","Callum","Steele","Callum Steele","Easthombre#9785","Grennock, Scotland","75","195","Right","Defender","Defender R",0,0,0,0,0,0,0,0,0,15,0,15,20,NA,"Dark Brown 3","Long","Skin Tone 3",0,10,10,8,12,20,10,20,10,5,5,7,5,7,5,12,5,5,10,7,5,14,5,13,5,10,5,7,7,7,5,10,8,8,7,7,14,NA,NA,NA,NA,NA,NA,NA,NA,NA,NA,NA,"Dives Into Tackles \ Argues With Officials",1e+06,2022-06-05,"IA"
"Birdman","S4",520,2022-05-03,"Tokyo S.C.","Gary","Hog","Gary Hog","LordBirdman#8555","Boston, MA, USA","75","185","Right","Defender","Defender C",0,0,0,0,0,20,0,15,0,0,15,0,0,NA,"Dark Brown 2","Long","Skin Tone 4",0,15,7,10,5,20,15,20,10,5,5,10,11,10,5,10,5,5,11,13,5,12,12,7,13,7,13,8,13,5,5,5,12,12,8,8,9,NA,NA,NA,NA,NA,NA,NA,NA,NA,NA,NA,"Plays One-Twos \ Gets Forward Whenever Possible",2e+06,2022-07-07,"Active"
"Allstar20809","S4",350,2022-05-03,"Seoul MFC","Lock","Down","Lock Down","EMPTY","Athens, Ohio, USA","70","200","Right","Defender","Defender C",0,0,0,0,0,10,0,0,20,0,0,20,0,NA,"Dark Brown 3","Short","Skin Tone 4",0,10,10,10,10,20,10,20,10,5,5,5,5,6,5,9,5,5,10,10,5,10,5,10,10,10,10,10,10,10,5,10,10,10,10,5,10,NA,NA,NA,NA,NA,NA,NA,NA,NA,NA,NA,"Avoids Using Weaker Foot \ Tries to Play Way Out of Trouble",1e+06,2022-05-03,"IA"
"Redria","S4",350,2022-05-05,"Prospect","Horace","Lynch","Horace Lynch","Redria#1710","Tijeras, NM","78","255","Left","Goalkeeper","Goalkeeper",NA,NA,NA,NA,NA,NA,NA,NA,NA,NA,NA,NA,NA,20,"Black 3","Long","Skin Tone 20",0,8,12,10,10,20,7,20,7,NA,NA,NA,NA,5,5,NA,NA,NA,NA,6,5,NA,5,5,10,5,10,12,10,10,5,5,5,12,5,10,10,14,11,7,5,5,7,11,5,11,5,5,"",1e+06,2022-05-05,"IA"
"DrB1gMack","S4",350,2022-05-08,"Adowa Accra FC","B1g","Mack","B1g Mack","DrB1gMack#1468","Lusaka, Zambia","82","190","Right","Defender","Defender C",0,0,0,0,0,0,0,0,0,0,15,20,15,NA,"Light Brown 1","Medium","Skin Tone 4",0,14,10,5,13,20,13,20,13,5,5,5,5,5,5,7,5,5,13,5,5,13,5,5,13,5,5,5,14,5,5,5,5,13,5,5,5,NA,NA,NA,NA,NA,NA,NA,NA,NA,NA,NA,"Does Not Dive Into Tackles \ Marks Opponent Tightly",1e+06,2022-06-01,"IA"
"Yagoyi","S4",422,2022-05-11,"Seoul MFC","Ianto","Iacopelli","Ianto Iacopelli","Yagoyi#8921","Brighton, England","70","153","Left","Midfielder","Midfielder L",0,10,0,0,20,0,0,20,0,0,0,0,0,NA,"Light Brown 1","Short","Skin Tone 3",0,13,10,10,5,20,13,20,10,5,10,13,5,10,5,5,5,13,7,13,5,10,13,6,10,5,7,5,10,5,5,5,10,10,10,10,10,NA,NA,NA,NA,NA,NA,NA,NA,NA,NA,NA,"Tries Long Range Passes \ Uses Long Throw to Start Counter Attacks",1500000,2022-06-18,"IA"
"Hoovuh","S4",538,2022-05-11,"AS Paris","Peter","Oak","Peter Oak","Hoov#8930","Reading, England","74","185","Left","Midfielder","Midfielder C",0,0,12,0,8,20,0,0,10,0,0,0,0,NA,"Dark Brown 2","Medium","Skin Tone 3",0,13,7,7,5,20,12,20,10,5,5,15,7,13,5,5,5,5,10,14,5,12,13,10,10,5,5,8,12,10,11,5,10,10,8,12,15,NA,NA,NA,NA,NA,NA,NA,NA,NA,NA,NA,"Gets Into Opposition Area \ Comes Deep To Get Ball",2e+06,2022-07-09,"Active"
"WildfireMicro","S4",534,2022-05-11,"AS Paris","Twilight","Sparkle","Twilight Sparkle","WildfireMicro#3342","London England","74","235","Right","Defender","Defender [R]",0,0,0,0,0,15,0,0,0,15,0,0,20,NA,"Red 2","Long","Skin Tone 1",2,13,13,8,7,20,14,20,10,5,9,9,5,10,5,5,9,5,11,9,5,14,8,9,11,8,12,12,12,11,8,5,5,13,10,10,12,NA,NA,NA,NA,NA,NA,NA,NA,NA,NA,NA,"Runs With Ball Through Center \ Shoots With Power",2e+06,2022-07-11,"Active"
"Tomen","S4",543,2022-05-11,"Adowa Accra FC","Konstantin","Selich","Konstantin Selich","Tomen#6852","Fulda, Germany","70","183","Left","Forward","Striker",20,0,15,15,0,0,0,0,0,0,0,0,0,NA,"Dark Brown 3","Medium","Skin Tone 6",1,16,10,12,10,20,15,20,7,5,5,14,14,12,5,10,5,5,5,9,5,5,14,11,13,5,10,5,11,5,6,5,11,5,7,5,13,NA,NA,NA,NA,NA,NA,NA,NA,NA,NA,NA,"Gets Forward Whenever Possible \ Likes to Try to Beat Offside Trap \ Moves into Channels",2e+06,2022-07-10,"Active"
"Otis Boudreaux","S4",452,2022-05-11,"FA","Otis","Boudreaux","Otis Boudreaux","Jess0664","Galway, Ireland","69","165","Left","Forward","Striker",20,15,0,15,0,0,0,0,0,0,0,0,0,NA,"Dark Brown 2","Long","Skin Tone 3",0,13,9,10,5,20,13,20,7,5,13,10,14,14,5,5,5,5,5,13,5,5,12,5,9,5,9,9,9,10,5,5,12,5,10,12,9,NA,NA,NA,NA,NA,NA,NA,NA,NA,NA,NA,"Runs With Ball Often \ Places Shots",1500000,2022-06-25,"Active"
"aleks","S4",370,2022-05-12,"Hollywood FC","Deepesh","Mudaliar","Deepesh Mudaliar","aleks#7777","Tavua, Fiji","76","160","Right","Midfielder","Attacking Midfielder L",20,20,0,0,10,0,0,0,0,0,0,0,0,NA,"Black 1","Long","Skin Tone 17",20,15,15,5,5,20,15,20,5,5,7,15,5,7,5,5,7,5,5,15,5,5,10,5,5,5,7,5,7,5,5,5,10,5,5,7,7,NA,NA,NA,NA,NA,NA,NA,NA,NA,NA,NA,"Cuts Inside From Both Wings \ Gets Into Opposition Area",1500000,2022-05-26,"IA"
"Gwdjohnson","S4",454,2022-05-12,"Cairo City","Gabe","Johnson","Gabe Johnson","Gwdjohnson#5364","Montreal","71","160","Right","Defender","Defender R",0,0,0,0,0,0,0,0,5,10,10,5,20,NA,"Dark Brown 2","Medium","Skin Tone 3",104,12,10,11,8,20,11,20,9,5,10,10,8,9,5,7,5,8,10,9,5,9,6,5,8,8,7,8,8,8,5,8,9,11,10,9,11,NA,NA,NA,NA,NA,NA,NA,NA,NA,NA,NA,"Marks Opponent Tightly \ Plays One-Twos",1500000,2022-06-19,"IA"
"holy.sheesh","S4",542,2022-05-12,"Cairo City","Elmis","The Heretic","Elmis The Heretic","","Tukums, Latvia","73","187","Left","Goalkeeper","Goalkeeper",NA,NA,NA,NA,NA,NA,NA,NA,NA,NA,NA,NA,NA,20,"Red 2","Long","Skin Tone 5",0,5,15,5,7,20,8,20,5,NA,NA,NA,NA,11,5,NA,NA,NA,NA,5,5,NA,7,5,10,6,14,10,12,5,5,5,5,13,5,10,5,13,13,10,7,11,10,15,5,17,8,8,"",2e+06,2022-07-04,"Active"
"Jepox","S4",520,2022-05-12,"Montréal United","Yves","Mathieu","Yves Mathieu","sears#8076","Châtenay-Malabry, France","75","180","Right","Defender","Defender C",0,0,0,0,0,15,0,0,15,0,0,20,0,NA,"Black 1","Short","Skin Tone 18",6,9,8,7,13,20,12,20,12,5,5,12,5,11,5,13,5,5,13,13,5,13,10,10,9,7,12,9,12,10,5,5,5,13,7,12,10,NA,NA,NA,NA,NA,NA,NA,NA,NA,NA,NA,"Tries Long Range Passes \ Tries to Play Way Out of Trouble",2e+06,2022-07-10,"Active"
"Waters","S4",436,2022-05-12,"Adowa Accra FC","Bingle","Jomes","Bingle Jomes","Waters#4040","Suva, Fiji","72","165","Left","Defender","Defender L",0,0,0,0,0,0,0,15,0,0,20,0,15,NA,"Light Brown 2","Medium","Skin Tone 5",0,18,13,5,8,20,18,20,7,5,5,13,5,5,5,6,5,5,5,13,5,10,5,5,5,5,5,10,13,5,5,5,5,13,5,5,8,NA,NA,NA,NA,NA,NA,NA,NA,NA,NA,NA,"Gets Forward Whenever Possible \ Runs With Ball Often",1500000,2022-06-12,"IA"
"jeffie43","S4",500,2022-05-13,"Athênai F.C.","Jeffrey","LaVert","Jeffrey LaVert","jeffrey420#0001","Toronto, ON","73","172","Right","Forward","Striker",20,10,20,0,0,0,0,0,0,0,0,0,0,NA,"Blonde 2","Long","Skin Tone 1",6,15,12,5,8,20,14,20,7,5,5,13,13,11,5,9,7,5,5,10,10,5,13,7,10,12,11,8,10,7,11,5,12,5,5,8,11,NA,NA,NA,NA,NA,NA,NA,NA,NA,NA,NA,"Likes to Try to Beat Offside Trap \ Gets Forward Whenever Possible \ Moves into Channels",1500000,2022-07-09,"Active"
"trëlla","S4",532,2022-05-13,"Cairo City","Wesley","Stains","Wesley Stains","trella#0008","Corpus Christi, USA","69","140","Right","Midfielder","Midfielder C",0,0,15,0,15,20,0,0,0,0,0,0,0,NA,"Blonde 1","Medium","Skin Tone 5",0,11,10,10,5,20,11,20,11,5,5,10,9,11,5,6,9,5,11,14,5,11,11,8,10,10,10,8,11,8,9,9,11,11,12,14,11,NA,NA,NA,NA,NA,NA,NA,NA,NA,NA,NA,"Plays Short Simple Passes \ Plays With Back to Goal",2e+06,2022-07-05,"Active"
"lukamagic","S4",414,2022-05-14,"Inter London","Luka","Magic","Luka Magic","lukamagic#8036","Ljubljana, Slovenia","72","150","Right","Midfielder","Midfielder R",0,0,0,0,15,0,20,0,0,15,0,0,0,NA,"Light Brown 1","Medium","Skin Tone 1",0,11,11,5,5,20,8,20,8,5,7,13,8,10,5,7,5,5,8,12,5,10,12,10,6,10,11,9,9,10,6,10,11,9,10,12,10,NA,NA,NA,NA,NA,NA,NA,NA,NA,NA,NA,"Cuts Inside From Both Wings \ Dictates Tempo",1500000,2022-06-29,"Active"
"Hexx","S4",461,2022-05-14,"Seoul MFC","Kjell","Holmberg","Kjell Holmberg","","Manhattan, New York","76","207","Right","Defender","Defender R",0,0,0,0,0,0,0,0,0,15,0,15,20,NA,"Dark Brown 3","Long","Skin Tone 1",25,13,10,10,12,20,13,20,10,5,5,8,5,9,5,12,5,8,13,10,5,13,5,8,12,8,8,8,11,8,5,5,8,11,8,8,10,NA,NA,NA,NA,NA,NA,NA,NA,NA,NA,NA,"Marks Opponent Tightly \ Dictates Tempo",1500000,2022-06-12,"IA"
"Big Big Big Sweg","S4",445,2022-05-14,"Seoul MFC","Kozuki","Oden","Kozuki Oden","Swegkingu#0666","Nagoya, Japan","78","195","Right","Midfielder","Midfielder C",0,0,0,0,10,20,10,0,10,0,0,0,0,NA,"Black 1","Medium","Skin Tone 5",3,12,12,11,7,20,12,20,10,6,8,10,8,8,8,5,7,5,8,12,6,8,9,8,8,8,10,9,11,10,9,7,10,11,10,11,11,NA,NA,NA,NA,NA,NA,NA,NA,NA,NA,NA,"Arrives Late In Opponents' Area \ Plays Short Simple Passes",1500000,2022-07-03,"Active"
"CptSquall","S4",509,2022-05-14,"CF Catalunya","Leif","Physt","Leif Physt","CptSquall#6858","Bornholm Island, Denmark","75.6","171","Right","Midfielder","Midfielder R",0,0,0,0,0,0,0,0,0,0,15,20,15,NA,"Blonde 3","Short","Skin Tone 2",1,15,5,5,15,20,15,20,11,5,5,5,5,10,5,12,5,5,13,10,5,13,8,5,11,10,12,10,12,5,5,5,5,13,5,10,10,NA,NA,NA,NA,NA,NA,NA,NA,NA,NA,NA,"Marks Opponents Tightly \ Places Shots",2e+06,2022-07-11,"Active"
"CanadianThor","S4",448,2022-05-14,"CF Catalunya","Kevin","De Burnya","Kevin De Burnya","CanadianThor","Genk","61","170","Right","Midfielder","Midfielder C",0,15,15,0,0,20,0,0,0,0,0,0,0,NA,"Blonde 1","Short","Skin Tone 1",0,15,13,5,5,20,14,20,5,5,5,13,5,13,5,5,5,5,5,14,5,5,13,5,10,5,10,5,14,5,5,5,13,5,5,14,7,NA,NA,NA,NA,NA,NA,NA,NA,NA,NA,NA,"Tries Killer Balls Often \ Moves Into Channels",1500000,2022-07-08,"Active"
"efiug","S4",421,2022-05-14,"Montréal United","C.J.","Szydlowski","C.J. Szydlowski","efiug#5311","Duluth, MN, USA","75","196","Left","Defender","Wingback L",0,0,0,0,15,0,0,20,0,0,15,0,0,NA,"Dark Brown 1","Long","Skin Tone 7",3,12,10,7,5,20,10,20,10,5,16,7,5,12,5,5,8,11,9,13,5,10,9,14,12,5,5,5,13,5,5,5,10,5,7,5,7,NA,NA,NA,NA,NA,NA,NA,NA,NA,NA,NA,"Looks For Pass Rather Than Attempting to Score \ Tries Long Range Passes",1500000,2022-06-06,"IA"
"Edgerocks1","S4",406,2022-05-14,"Montréal United","Edge","Rocks","Edge Rocks","Edgerocks1","Dublin, Ireland","69","180","Right","Midfielder","Defensive Midfielder",0,0,5,0,0,20,5,0,20,0,0,0,0,NA,"Light Brown 1","Short","Skin Tone 3",0,7,8,10,7,20,9,20,9,7,7,10,8,10,9,7,9,7,7,13,8,10,12,7,8,8,10,9,12,8,7,7,8,11,10,12,9,NA,NA,NA,NA,NA,NA,NA,NA,NA,NA,NA,"Dictates Tempo \ Tries Killer Balls Often",1500000,2022-06-11,"IA"
"Symmetrik","S4",519,2022-05-14,"AS Paris","Isabela","Cortez","Isabela Cortez","Symmetrik#1314","London, Canada","65","140","Right",NA,"Attacking Midfielder R",0,10,0,20,5,0,15,0,0,0,0,0,0,NA,"Blonde 1","Long","Skin Tone 5",1,15,10,13,5,20,15,20,5,5,14,13,8,12,5,5,10,5,5,12,5,5,13,5,10,5,7,10,11,8,5,5,11,8,9,12,11,NA,NA,NA,NA,NA,NA,NA,NA,NA,NA,NA,"Dictates Tempo \ Knocks Ball Past Opponent",2e+06,2022-07-08,"Active"
"_Blitz_","S4",431,2022-05-14,"Adowa Accra FC","Thomas","Llewellyn","Thomas Llewellyn","_Blitz_#5339","Chicago, USA","73","175","Right","Midfielder","Defensive Midfielder",0,0,0,0,0,15,0,0,20,0,0,15,0,NA,"Light Brown 1","Short","Skin Tone 2",1,13,10,5,5,20,13,20,13,5,5,5,5,13,5,5,5,5,13,10,5,12,5,5,13,12,5,9,13,12,5,5,5,13,6,5,12,NA,NA,NA,NA,NA,NA,NA,NA,NA,NA,NA,"Marks Opponent Tightly \ Plays Short Simple Passes",1500000,2022-07-04,"Active"
"Raven","S4",534,2022-05-14,"Adowa Accra FC","Vui","Kemoeatu","Vui Kemoeatu","Raven#1262","Neiafu, Tonga","76","185","Left","Midfielder","Midfielder C",0,5,15,10,0,20,0,0,0,0,0,0,0,NA,"Light Brown 3","Long","Skin Tone 2",16,13,11,10,10,20,14,20,10,5,5,13,5,13,5,5,7,5,10,13,5,10,11,5,11,5,10,6,13,5,10,5,13,10,5,13,13,NA,NA,NA,NA,NA,NA,NA,NA,NA,NA,NA,"Plays One-Twos \ Moves Into Channels",2e+06,2022-07-09,"Active"
"Renomitsu","S4",534,2022-05-15,"Athênai F.C.","Sydney","Ramirez","Sydney Ramirez","Renomitsu#9827","Cartagena, Colombia","70","150","Right","Midfielder","Defensive Midfielder",0,0,0,0,0,0,0,0,20,0,10,0,20,NA,"Light Brown 3","Medium","Skin Tone 8",2,13,10,10,10,20,15,20,10,5,12,8,5,5,5,10,5,5,13,10,5,13,10,5,11,8,10,11,13,10,5,5,5,12,10,13,12,NA,NA,NA,NA,NA,NA,NA,NA,NA,NA,NA,"Runs With Ball Rarely \ Marks Opponent Tightly",2e+06,2022-07-10,"Active"
"jackkmart","S4",543,2022-05-15,"Montréal United","Manny","Calavera","Manny Calavera","EMPTY","Miami, USA","70","165","Right","Midfielder","Midfielder C",0,0,0,0,0,20,10,0,20,0,0,0,0,NA,"Light Brown 1","Short","Skin Tone 4",5,10,8,8,5,20,13,20,13,5,6,10,10,10,5,7,12,5,10,13,5,10,10,5,8,8,12,12,13,12,10,5,12,7,9,13,14,NA,NA,NA,NA,NA,NA,NA,NA,NA,NA,NA,"Arrives Late In Opponents' Area \ Comes Deep To Get Ball",2e+06,2022-07-05,"Active"
"Ashes","S4",520,2022-05-15,"AS Paris","Sebastien","Pelletier","Sebastien Pelletier","Ashes#9602","Rouen, France","60","140","Right","Midfielder","Attacking Midfielder C",5,0,20,10,0,10,5,0,0,0,0,0,0,NA,"Light Brown 3","Medium","Skin Tone 3",2,12,11,10,9,20,12,20,10,6,10,10,10,10,7,9,13,7,9,13,7,9,12,7,9,8,8,8,11,8,7,6,11,7,12,13,11,NA,NA,NA,NA,NA,NA,NA,NA,NA,NA,NA,"Shoots From Distance \ Tries Long Range Passes",2e+06,2022-07-10,"Active"
"Froste39","S4",350,2022-05-15,"Retired","Leandro","Castelli","Leandro Castelli","Froste#3722","Merano, Italy","77","198","Right","Goalkeeper","Goalkeeper",NA,NA,NA,NA,NA,NA,NA,NA,NA,NA,NA,NA,NA,20,"Dark Brown 1","Short","Skin Tone 5",0,5,10,10,5,20,6,20,10,NA,NA,NA,NA,5,5,NA,NA,NA,NA,5,5,NA,5,5,11,5,7,11,10,11,5,5,5,12,11,5,10,12,12,11,5,11,5,11,5,11,5,7,"",1e+06,2022-07-09,"Active"
"Leoben","S4",487,2022-05-16,"CA Buenos Aires","Robert","Draper","Robert Draper","Leoben#0279","Venice Beach, California","70","175","Right","Midfielder","Midfielder C",NA,0,0,0,0,20,0,0,15,0,0,15,0,NA,"Dark Brown 3","Buzzcut","Skin Tone 3",1,12,8,11,12,20,12,20,10,7,7,12,7,10,5,7,8,5,7,12,5,12,7,8,8,12,10,10,8,10,8,8,12,8,12,10,12,NA,NA,NA,NA,NA,NA,NA,NA,NA,NA,NA,"Dictates Tempo \ Plays One-Twos",1500000,2022-07-02,"Active"
"Froste39","S4",512,2022-05-16,"Adowa Accra FC","Domenico","Corleone","Domenico Corleone","Froste#3722","Merano, Italy","77","184","Right","Midfielder","Defensive Midfielder",0,0,0,0,0,20,0,0,20,0,0,10,0,NA,"Dark Brown 1","Short","Skin Tone 5",4,10,10,10,7,20,10,20,10,5,5,5,5,10,5,6,5,5,10,10,5,16,6,13,11,13,10,10,13,10,5,7,9,14,9,10,13,NA,NA,NA,NA,NA,NA,NA,NA,NA,NA,NA,"Dives Into Tackles \ Plays Short Simple Passes",2e+06,2022-07-09,"Active"
"Matty86","S4",522,2022-05-17,"Athênai F.C.","Matthew","Mayhem","Matthew Mayhem","LobsterKillah#3801","Boston Massachusetts, United States","73","165","Right","Defender","Defender C",0,0,0,0,0,0,0,0,6,0,12,20,12,NA,"Black 1","Buzzcut","Skin Tone 1",20,10,8,8,12,20,10,20,12,5,5,5,5,10,5,12,5,5,12,10,5,12,10,12,13,10,13,13,13,7,5,8,7,13,8,9,10,NA,NA,NA,NA,NA,NA,NA,NA,NA,NA,NA,"Marks Opponent Tightly \ Runs With Ball Rarely",2e+06,2022-07-11,"Active"
"jay2233","S4",413,2022-05-17,"Hollywood FC","Straw","Berry","Straw Berry","jay2233#6326","Colorado, US","74","190","Right","Defender","Defender C",0,0,0,0,0,0,0,0,0,0,15,20,15,NA,"Black 2","Medium","Skin Tone 7",3,14,8,5,10,20,13,20,13,5,5,5,5,10,5,10,5,5,13,12,5,12,6,5,9,8,10,9,13,5,5,5,5,13,10,5,10,NA,NA,NA,NA,NA,NA,NA,NA,NA,NA,NA,"Marks Opponent Tightly \ Dictates Tempo",1500000,2022-06-14,"IA"
"TheFlash","S4",428,2022-05-17,"Tokyo S.C.","João","Morelli","João Morelli","#bluesflash4587","Brazil","71","175","Right","Forward","Striker",20,10,10,10,0,0,0,0,0,0,0,0,0,NA,"Light Brown 1","Medium","Skin Tone 4",2,12,12,7,7,20,12,20,7,5,7,12,14,12,7,7,5,5,5,7,10,5,12,5,12,7,12,7,12,7,7,6,12,7,7,10,10,NA,NA,NA,NA,NA,NA,NA,NA,NA,NA,NA,"Likes to Try to Beat Offside Trap \ Places Shots",1500000,2022-06-11,"IA"
"ArmTheSharks","S4",381,2022-05-17,"Montréal United","Miroslav","Ketil","Miroslav Ketil","ArmTheSharks#5447","Zlin, Czechia","73","175","Right","Forward","Striker",20,0,15,0,0,15,0,0,0,0,0,0,0,NA,"Dark Brown 2","Long","Skin Tone 3",1,10,10,10,5,20,10,20,10,5,5,11,14,13,5,5,5,5,5,12,5,5,10,5,10,5,10,8,10,5,10,5,10,9,10,11,10,NA,NA,NA,NA,NA,NA,NA,NA,NA,NA,NA,"Moves Into Channels \ Dictates Tempo",1500000,2022-06-04,"IA"
"glowygoat","S4",423,2022-05-17,"CA Buenos Aires","Lukas","Weiß","Lukas Weiß","GlowyGoat#9729","Aachen, Germany","78","212","Left",NA,"Striker",20,0,15,0,0,15,0,0,0,0,0,0,0,NA,"Blonde 2","Long","Skin Tone 3",1,10,9,9,13,20,12,20,10,5,5,10,13,12,5,13,5,8,9,9,8,8,10,6,10,5,10,10,10,8,7,5,9,5,8,11,8,NA,NA,NA,NA,NA,NA,NA,NA,NA,NA,NA,"Knocks Ball Past Opponent \ Places Shots",1500000,2022-06-01,"IA"
"Zombiewolf","S4",507,2022-05-18,"CF Catalunya","Floppy","McFlopface","Floppy McFlopface","EMPTY","Ironto, Virginia","72","160","Left","Midfielder","Midfielder L",0,20,15,15,0,0,0,0,0,0,0,0,0,NA,"Light Brown 1","Long","Skin Tone 8",3,16,13,5,5,20,15,20,5,5,12,13,10,13,5,5,10,5,5,13,6,5,13,5,7,5,7,6,10,5,13,5,13,5,8,13,8,NA,NA,NA,NA,NA,NA,NA,NA,NA,NA,NA,"Gets Forward Whenever Possible \ Runs With Ball Often",2e+06,2022-07-09,"Active"
"slothfacekilla","S4",509,2022-05-18,"CA Buenos Aires","Edwin","van der Sloth","Edwin van der Sloth","slothfacekilla#7809","Leiden, Netherlands","78","175","Right","Midfielder","Attacking Midfielder R",0,0,10,20,0,10,10,0,0,0,0,0,0,NA,"Blonde 2","Long","Skin Tone 2",1,13,13,8,6,20,13,20,8,9,10,11,7,11,9,7,7,5,9,13,9,8,10,7,13,8,7,9,11,7,13,6,8,9,10,13,10,NA,NA,NA,NA,NA,NA,NA,NA,NA,NA,NA,"Tries Long Range Passes \ Curls Ball",2e+06,2022-07-05,"Active"
"Citizen of Adraa","S4",477,2022-05-19,"Cairo City","Arnošt","Hlemýžď","Arnošt Hlemýžď","Citizen of Adraa #8380","Ústí nad Labem, Czechia","70","180","Right","Midfielder","Midfielder R",0,0,0,15,0,10,20,0,0,5,0,0,0,NA,"Dark Brown 2","Short","Skin Tone 4",13,13,12,10,9,20,13,20,10,5,12,12,5,10,5,5,8,6,10,10,5,10,12,6,10,6,8,8,10,10,10,5,13,9,9,8,10,NA,NA,NA,NA,NA,NA,NA,NA,NA,NA,NA,"Runs With Ball Down Right \ Likes to Switch Ball to Other Flank",1500000,2022-06-25,"Active"
"Big Newff","S4",442,2022-05-20,"Montréal United","Alexander","Eyesak","Alexander Eyesak","Big Newff#8891","Solna, Sweden","90","240","Right","Forward","Striker",20,15,15,0,0,0,0,0,0,0,0,0,0,NA,"Light Brown 2","Medium","Skin Tone 3",2,15,10,12,10,20,15,20,10,5,5,11,11,12,5,7,5,5,5,11,5,5,11,5,9,5,10,5,11,5,5,5,14,10,5,5,10,NA,NA,NA,NA,NA,NA,NA,NA,NA,NA,NA,"Tries Killer Balls Often \ Plays With Back to Goal",1500000,2022-07-04,"Active"
"malachibooth","S4",350,2022-05-23,"Retired","Malachi","Booth","Malachi Booth","6691#5149","Atlanta","96","345","Left","Goalkeeper","Goalkeeper",NA,NA,NA,NA,NA,NA,NA,NA,NA,NA,NA,NA,NA,20,"Red 1","Long","Skin Tone 1",52,5,5,5,5,20,5,20,5,NA,NA,NA,NA,9,8,NA,NA,NA,NA,5,8,NA,8,5,5,5,5,5,5,5,5,5,5,5,5,5,5,8,8,8,8,20,15,10,5,5,5,5,"",1e+06,2022-05-26,"IA"
"WidoodiW","S4",350,2022-05-25,"FA","Jeffrey","Fourmile","Jeffrey Fourmile","EMPTY","England","72.83","176.37","Left","Defender","Defender C",0,0,0,0,0,0,0,0,15,0,10,20,5,NA,"Black 1","Long","Skin Tone 12",0,7,8,10,8,20,8,20,10,5,5,8,5,7,5,9,5,5,10,9,6,10,9,8,10,9,9,10,10,10,10,12,8,10,10,9,10,NA,NA,NA,NA,NA,NA,NA,NA,NA,NA,NA,"Dictates Tempo \ Dives Into Tackles",1e+06,2022-05-31,"IA"
"Halkohol","S4",402,2022-05-26,"Adowa Accra FC","Henrik","Svensson","Henrik Svensson","Halkohol#1883","Örnsköldsvik Sverige","63","152","Right","Midfielder","Midfielder R",0,0,0,15,0,15,20,0,0,0,0,0,0,NA,"Dark Brown 1","Short","Skin Tone 3",52,8,12,9,5,20,13,20,5,12,7,11,5,9,10,5,5,5,5,10,6,5,10,8,12,5,5,5,5,10,11,11,12,5,11,7,6,NA,NA,NA,NA,NA,NA,NA,NA,NA,NA,NA,"Knocks Ball Past Opponent \ Looks For Pass Rather Than Attempting to Score",1500000,2022-06-12,"IA"
"Berocka","S4",476,2022-05-29,"Seoul MFC","Berocka","Aloisi","Berocka Aloisi","Berocka#6658","Brisbane, Australia","76","187","Right","Forward","Striker",20,0,15,15,0,0,0,0,0,0,0,0,0,NA,"Blonde 1","Medium","Skin Tone 3",0,10,10,13,13,20,10,20,13,5,6,10,13,13,11,12,11,5,5,10,11,5,10,7,8,11,7,7,7,8,5,5,11,10,6,7,10,NA,NA,NA,NA,NA,NA,NA,NA,NA,NA,NA,"Attempts Overhead Kicks \ Gets Into Opposition Area",1500000,2022-07-06,"Active"
"overdoo","S4",420,2022-05-29,"CA Buenos Aires","slatin","imbrimovick","slatin imbrimovick","overdoo#0430","Malmo, Sweden","77","209","Right","Forward","Striker",20,0,20,10,0,0,0,0,0,0,0,0,0,NA,"Dark Brown 3","Medium","Skin Tone 6",4,11,12,12,5,20,12,20,10,5,5,11,13,9,5,5,9,5,5,8,8,5,12,9,12,10,9,9,9,9,10,6,9,9,9,8,7,NA,NA,NA,NA,NA,NA,NA,NA,NA,NA,NA,"Attempts Overhead Kicks \ Shoots With Power",1500000,2022-07-09,"Active"
"diamond_ace","S4",467,2022-05-29,"AS Paris","Hoban","Washburne","Hoban Washburne","diamond_ace#0361","Longyearbyen, Svalbard, Norway","77","203","Left","Defender","Defender C",0,0,0,0,0,0,0,0,0,0,15,20,15,NA,"Dark Brown 1","Short","Skin Tone 3",5,9,11,10,12,20,8,20,12,5,5,9,5,8,5,12,5,5,14,9,5,14,11,8,10,10,12,5,10,7,7,5,8,12,9,9,11,NA,NA,NA,NA,NA,NA,NA,NA,NA,NA,NA,"Marks Opponent Tightly \ Looks For Pass Rather Than Attempting to Score",1500000,2022-07-07,"Active"
"luke","S4",426,2022-05-30,"Tokyo S.C.","Justin","Time","Justin Time","EMPTY","Napoli Italy","75","170","Left","Defender","Wingback L",0,0,0,0,0,0,0,20,0,0,20,0,10,NA,"Blonde 1","Buzzcut","Skin Tone 3",0,14,7,6,5,20,14,20,5,5,10,10,5,5,5,5,5,5,7,8,5,13,11,5,8,5,10,12,10,6,5,5,12,16,6,5,15,NA,NA,NA,NA,NA,NA,NA,NA,NA,NA,NA,"Knocks Ball Past Opponent \ Avoids Using Weaker Foot",1500000,2022-07-04,"Active"
"CampinKiller","S4",414,2022-06-06,"Montréal United","Direct","Free-Kick","Direct Free-Kick","CampinKiller#4205","Munich, Germany","74","175","Right","Midfielder","Midfielder C",0,0,15,0,0,20,0,0,15,0,0,0,0,NA,"Light Brown 1","Short","Skin Tone 3",0,15,15,5,5,20,15,20,6,5,5,10,5,12,12,5,7,5,5,13,5,10,10,5,7,5,5,5,13,5,5,5,5,5,5,15,5,NA,NA,NA,NA,NA,NA,NA,NA,NA,NA,NA,"Dictates Tempo \ Hits Free Kicks With Power",1500000,2022-06-18,"IA"
"TheSparkyDee","S4",427,2022-06-10,"Montréal United","David","Doug","David Doug","TheSparkyDee#2422","Flint, MI, USA","6'7","230","Left","Defender","CB",0,0,0,0,0,0,0,0,0,0,15,20,15,NA,"Dark Brown 1","Medium","Skin Tone 10",77,8,8,11,10,20,8,20,8,8,8,8,8,8,8,9,8,10,10,10,8,9,8,8,8,8,8,8,8,8,8,8,8,8,10,10,10,NA,NA,NA,NA,NA,NA,NA,NA,NA,NA,NA,"Likes to Switch Ball to Other Flank \ Arrives Late In Opponents' Area",1500000,2022-07-11,"Active"
"TrentTiger","S4",350,2022-06-15,"Prospect","Kane","Shorack","Kane Shorack","TrentTiger#8917","Las Vegas Navada USA","73","145","Right","Goalkeeper","Goalkeeper",NA,NA,NA,NA,NA,NA,NA,NA,NA,NA,NA,NA,NA,20,"Light Brown 1","Buzzcut","Skin Tone 1",0,5,5,5,5,20,6,20,8,NA,NA,NA,NA,12,5,NA,NA,NA,NA,12,5,NA,5,5,5,5,5,5,5,5,5,5,5,5,5,5,5,12,10,12,7,13,13,13,11,13,11,12,"",1e+06,2022-06-15,"IA"
"Maur Rivers","S4",411,2022-06-17,"Hollywood FC","Maur","Rivers","Maur Rivers","EMPTY","Nashville,TN,USA","70","150","Right","Midfielder","Attacking Midfielder L",10,20,0,0,0,10,0,10,0,0,0,0,0,NA,"Black 2","Long","Skin Tone 18",1,16,13,5,5,20,15,20,8,5,13,13,5,13,5,5,5,5,5,10,5,5,10,5,8,5,8,5,15,5,5,5,10,5,5,10,5,NA,NA,NA,NA,NA,NA,NA,NA,NA,NA,NA,"Curls Ball \ Runs With Ball Often",1500000,2022-07-04,"Active"
"Sadio","S4",428,2022-06-17,"Cairo City","Sadio","Garcia","Sadio Garcia","Sadio#8804","Madrid","180","154","Left","Midfielder","Attacking Midfielder R",5,10,0,20,0,0,15,0,0,0,0,0,0,NA,"Light Brown 2","Medium","Skin Tone 13",0,12,10,13,5,20,10,20,9,5,6,13,8,11,10,5,5,5,5,10,5,5,11,10,10,5,10,6,9,8,13,5,13,10,10,10,10,NA,NA,NA,NA,NA,NA,NA,NA,NA,NA,NA,"Cuts Inside From Both Wings \ Places Shots",1500000,2022-07-08,"Active"
"Wally","S4",437,2022-06-22,"Adowa Accra FC","Karl","Feltz","Karl Feltz","KWally#1313","Madison, WI, USA","65","160","Left","Forward","Striker",20,20,10,0,0,0,0,0,0,0,0,0,0,NA,"Light Brown 2","Short","Skin Tone 3",9,13,10,5,5,20,12,20,5,5,5,10,15,11,5,10,10,5,5,8,10,5,8,5,13,11,9,8,12,5,7,5,13,5,10,10,10,NA,NA,NA,NA,NA,NA,NA,NA,NA,NA,NA,"Likes to Try to Beat Offside Trap \ Gets Into Opposition Area",1500000,2022-07-01,"Active"
"Uriah Mensah","S4",350,2022-06-26,"Retired","Uriah","Mensah","Uriah Mensah","Uriah Mensah | WR#8447","Atlanta","90","250","Right","Midfielder","Attacking Midfielder L",10,20,0,0,0,10,0,10,0,0,0,0,0,NA,"Red 1","Long","Skin Tone 15",0,5,5,5,5,20,5,20,5,13,12,9,11,11,9,5,11,5,5,11,7,11,10,13,5,11,12,9,12,8,6,5,5,5,5,5,5,NA,NA,NA,NA,NA,NA,NA,NA,NA,NA,NA,"Cuts Inside From Both Wings \ Knocks Ball Past Opponent",1e+06,2022-06-26,"Active"
"sambam229","S4",362,2022-07-01,"Montréal United","Seth","Dolan","Seth Dolan","N/A","Salem, MA USA","69","160","Right","Midfielder","Attacking Midfielder L",0,20,10,0,12,8,0,0,0,0,0,0,0,NA,"Light Brown 1","Short","Skin Tone 1",0,9,7,7,10,20,10,20,7,7,7,11,11,11,10,7,7,6,8,11,8,9,8,8,7,8,7,8,8,8,9,10,7,9,10,10,11,NA,NA,NA,NA,NA,NA,NA,NA,NA,NA,NA,"Plays One-Twos \ Shoots With Power",1500000,2022-07-11,"Active"
"RaidTheArcade","S5",350,2022-07-02,"Prospect","Mauricio","Babilonia","Mauricio Babilonia","","Armenia, Colombia","77","145","Right","Midfielder","Defensive Midfielder",0,0,0,0,0,15,0,0,20,0,0,15,0,NA,"Light Brown 2","Buzzcut","Skin Tone 5",0,12,5,5,5,20,12,20,12,5,5,5,5,10,5,5,5,5,10,15,5,5,5,5,5,5,10,6,10,5,5,5,5,15,12,12,12,NA,NA,NA,NA,NA,NA,NA,NA,NA,NA,NA,"Comes Deep To Get Ball \ Tries Killer Balls Often",1e+06,2022-07-02,"Active"
"caltroit_red_flames","S5",350,2022-07-03,"Prospect","Che","Guevara","Che Guevara","caltroit_red_flames#2462","Rosario, Argentina","76","190","Left","Defender","Defender C",0,0,0,0,0,0,0,0,0,0,15,20,15,NA,"Dark Brown 3","Medium","Skin Tone 11",0,7,7,10,10,20,5,20,13,5,5,5,5,5,5,12,5,5,13,13,5,13,10,5,12,5,5,6,6,9,5,7,5,13,9,8,12,NA,NA,NA,NA,NA,NA,NA,NA,NA,NA,NA,"Marks Opponent Tightly \ Tries Long Range Passes",1e+06,2022-07-11,"Active"
"MCP","S5",350,2022-07-03,"Prospect","Tim","Etodeliverapizzaball","Tim Etodeliverapizzaball","MCP#1914","New York City, USA","72","170","Right","Midfielder","Midfielder L",0,0,0,0,20,10,19,0,0,0,0,1,0,NA,"Black 1","Medium","Skin Tone 8",0,12,10,5,5,20,12,20,5,5,12,12,5,12,5,5,5,5,5,12,10,10,12,5,6,12,5,5,5,5,12,5,12,8,9,5,5,NA,NA,NA,NA,NA,NA,NA,NA,NA,NA,NA,"Argues With Officials \ Looks For Pass Rather Than Attempting to Score",1e+06,2022-07-10,"Active"
"Tiktaalik","S4",380,2022-07-03,"Sydney City","Bob","Divesinalot","Bob Divesinalot","Tiktaalik#1953","London, UK","77","145","Right","Defender","CB",0,0,0,0,0,10,0,0,20,0,0,20,0,NA,"Black 1","Short","Skin Tone 3",0,13,5,5,15,20,13,20,13,5,5,5,5,5,5,15,5,5,13,5,5,13,5,5,5,5,5,12,10,5,5,5,5,13,10,5,5,NA,NA,NA,NA,NA,NA,NA,NA,NA,NA,NA,"Plays Short Simple Passes \ Stays Back at All Times",1500000,2022-07-08,"Active"
"Warrior_of_Massalia","S5",350,2022-07-04,"Prospect","Mega","Mind","Mega Mind","EMPTY","Metro City, America","74","190","Left","Defender","Defender C",0,0,0,0,0,0,0,0,0,15,0,20,15,NA,"Black 1","Bald","Skin Tone 13",0,10,10,10,14,20,10,20,13,5,5,5,5,5,5,12,5,5,14,6,5,14,5,5,7,7,5,8,8,5,5,5,5,12,10,5,10,NA,NA,NA,NA,NA,NA,NA,NA,NA,NA,NA,"Stays Back at All Times \ Plays Short Simple Passes",1e+06,2022-07-10,"Active"
"Legend","S5",350,2022-07-04,"Prospect","Lochlann","O'Rourke","Lochlann O'Rourke","MaverickLegend#1993","Galway, Ireland","77","210","Right","Forward","Striker",20,0,15,15,0,0,0,0,0,0,0,0,0,NA,"Black 2","Medium","Skin Tone 2",0,13,10,10,10,20,13,20,10,5,5,10,10,10,5,5,5,5,5,5,5,5,10,5,13,5,13,10,7,5,5,5,13,10,5,5,10,NA,NA,NA,NA,NA,NA,NA,NA,NA,NA,NA,"Moves Into Channels \ Likes to Try to Beat Offside Trap",1e+06,2022-07-11,"Active"
"Pythonic","S5",NA,2022-07-05,"Prospect","Giacomo","Carbone","Giacomo Carbone","python#7936","Boston, USA","75","175","Right","Midfielder","Midfielder L",0,17,0,0,20,13,0,0,0,0,0,0,0,NA,"Dark Brown 2","Long","Skin Tone 4",0,10,9,10,5,20,10,20,8,5,6,11,9,12,5,5,7,5,8,11,5,9,11,5,10,5,8,8,12,8,7,5,11,5,9,12,10,NA,NA,NA,NA,NA,NA,NA,NA,NA,NA,NA,"Plays One-Twos \ Moves Into Channels",6e+06,2022-07-05,"Active"
"vulfgravy","S5",350,2022-07-08,"Prospect","Pinot","Noir","Pinot Noir","Vulfzilla#1245","Paris, France","74","175","Right","Forward","Striker",20,15,15,0,0,0,0,0,0,0,0,0,0,NA,"Dark Brown 1","Bald","Skin Tone 18",0,8,8,9,10,20,11,20,9,5,5,11,11,9,5,11,10,5,5,10,9,6,9,8,8,9,10,9,5,5,5,5,10,12,9,10,8,NA,NA,NA,NA,NA,NA,NA,NA,NA,NA,NA,"Moves Into Channels \ Places Shots",1e+06,2022-07-09,"Active"
